id,password,last_login,is_superuser,username,first_name,last_name,email,is_staff,is_active,date_joined
67,gb5myyjYxa,2015/6/8/11/46/12,0,user67,Agent,Smith67,email67,0,0,2015/5/28/8/22/3
68,HCeYUNJX2j,2015/3/1/20/39/52,0,user68,Agent,Smith68,email68,0,0,2014/4/4/21/19/29
69,5VwGfDs89R,2015/9/6/11/53/9,0,user69,Agent,Smith69,email69,0,0,2014/6/28/5/19/32
70,FXSxtTJqLg,2013/11/3/5/28/21,0,user70,Agent,Smith70,email70,0,0,2015/3/13/13/22/23
71,Cfr7zUxaTH,2014/8/13/7/9/38,0,user71,Agent,Smith71,email71,0,0,2013/6/7/7/26/16
72,hE75fxaKXh,2014/1/18/18/9/10,0,user72,Agent,Smith72,email72,0,0,2014/4/30/7/21/56
73,bHTfS7hLuu,2014/11/28/5/29/39,0,user73,Agent,Smith73,email73,0,0,2014/2/24/2/43/48
74,tWaXGc4nGW,2014/10/27/12/13/29,0,user74,Agent,Smith74,email74,0,0,2015/9/21/14/50/29
75,2KNvDr5W7K,2014/2/23/19/11/31,0,user75,Agent,Smith75,email75,0,0,2013/2/29/16/8/4
76,25qJJ8mUpz,2013/11/12/1/53/15,0,user76,Agent,Smith76,email76,0,0,2013/1/9/15/52/30
77,eyc35DJH8L,2015/5/18/22/29/52,0,user77,Agent,Smith77,email77,0,0,2013/1/17/14/5/43
78,K6H9LUU78h,2015/6/8/21/15/13,0,user78,Agent,Smith78,email78,0,0,2013/2/23/9/15/39
79,DWbN7u3CTA,2013/3/27/6/50/38,0,user79,Agent,Smith79,email79,0,0,2014/9/21/11/48/4
80,usDMUrJEky,2013/7/7/6/12/36,0,user80,Agent,Smith80,email80,0,0,2015/8/12/2/54/49
81,W8ZPeMPaUX,2015/3/20/10/48/29,0,user81,Agent,Smith81,email81,0,0,2013/12/28/19/9/5
82,WQL2vfSDhE,2014/12/13/6/18/11,0,user82,Agent,Smith82,email82,0,0,2015/3/26/19/36/43
83,rLDCKJYncn,2013/8/12/13/6/59,0,user83,Agent,Smith83,email83,0,0,2014/11/27/3/53/22
84,scUXzfs2NR,2013/10/8/20/1/44,0,user84,Agent,Smith84,email84,0,0,2015/1/20/18/35/21
85,dG6Kgfu9bX,2015/7/9/23/35/8,0,user85,Agent,Smith85,email85,0,0,2015/4/27/6/1/23
86,66FTtK2N2x,2013/10/4/21/53/3,0,user86,Agent,Smith86,email86,0,0,2013/1/12/6/44/21
87,ymm7qJBvRy,2015/5/7/11/40/54,0,user87,Agent,Smith87,email87,0,0,2015/2/12/20/5/23
88,rxDc3Hvz3k,2015/11/14/6/0/50,0,user88,Agent,Smith88,email88,0,0,2013/11/16/7/11/31
89,3LTSWD48YV,2015/10/18/21/49/32,0,user89,Agent,Smith89,email89,0,0,2013/3/14/11/25/24
90,hYQSG22jdf,2015/2/30/21/11/34,0,user90,Agent,Smith90,email90,0,0,2015/12/6/15/54/39
91,AyzLuSn6pc,2015/7/23/20/49/0,0,user91,Agent,Smith91,email91,0,0,2014/1/5/18/47/2
92,hMeKJGbt89,2013/11/23/16/4/0,0,user92,Agent,Smith92,email92,0,0,2013/5/21/1/48/22
93,QRERtWcfBG,2013/6/27/2/51/47,0,user93,Agent,Smith93,email93,0,0,2013/3/24/10/16/21
94,CLkqZeF8kc,2013/1/20/17/11/56,0,user94,Agent,Smith94,email94,0,0,2015/6/20/17/51/42
95,DDPH9WaVA6,2014/7/25/18/10/17,0,user95,Agent,Smith95,email95,0,0,2015/2/23/7/31/0
96,4gL757HNfM,2013/6/19/8/5/36,0,user96,Agent,Smith96,email96,0,0,2014/3/7/15/31/56
97,6Px5jZE7C8,2013/12/11/19/8/1,0,user97,Agent,Smith97,email97,0,0,2014/2/4/6/5/31
98,vzStSVJGC6,2014/1/3/11/42/49,0,user98,Agent,Smith98,email98,0,0,2013/7/27/0/53/59
99,uzcdaPAFSM,2013/6/3/17/39/34,0,user99,Agent,Smith99,email99,0,0,2015/8/24/13/34/9
100,HuanPC9wuB,2013/12/21/19/37/43,0,user100,Agent,Smith100,email100,0,0,2013/5/1/9/52/0
101,mBZqGdtD6p,2015/6/6/7/48/48,0,user101,Agent,Smith101,email101,0,0,2015/1/23/2/29/22
102,mtyENchUSe,2013/8/29/10/19/2,0,user102,Agent,Smith102,email102,0,0,2015/11/10/2/11/56
103,jMRPSCNCEK,2014/10/28/6/28/19,0,user103,Agent,Smith103,email103,0,0,2014/2/24/19/5/55
104,vXEJrggZwN,2014/3/6/19/19/14,0,user104,Agent,Smith104,email104,0,0,2014/10/7/15/19/40
105,hqEssKPDBg,2013/4/10/14/56/37,0,user105,Agent,Smith105,email105,0,0,2015/6/3/9/41/32
106,uK9thkdFyV,2015/9/6/3/46/39,0,user106,Agent,Smith106,email106,0,0,2015/9/12/16/0/51
107,j3HxQCMW6m,2015/7/27/21/1/35,0,user107,Agent,Smith107,email107,0,0,2015/1/3/17/12/52
108,6dHn5EvEZN,2014/9/6/0/39/53,0,user108,Agent,Smith108,email108,0,0,2015/4/15/0/21/7
109,fze6H2CFSj,2014/8/12/23/55/14,0,user109,Agent,Smith109,email109,0,0,2014/11/7/17/29/33
110,DYyB7unFHD,2014/4/12/3/11/46,0,user110,Agent,Smith110,email110,0,0,2015/3/6/9/3/49
111,vVy8kmkysy,2015/5/5/23/36/43,0,user111,Agent,Smith111,email111,0,0,2013/8/30/12/42/12
112,z6WP95ECD3,2015/12/18/22/15/37,0,user112,Agent,Smith112,email112,0,0,2015/2/29/23/16/22
113,f5rxe39NJR,2015/2/23/12/49/38,0,user113,Agent,Smith113,email113,0,0,2013/4/15/17/17/36
114,m7GVSsANqQ,2013/2/28/22/53/30,0,user114,Agent,Smith114,email114,0,0,2014/7/9/0/30/55
115,PNEXTFspFS,2014/7/29/1/5/3,0,user115,Agent,Smith115,email115,0,0,2014/12/1/23/15/45
116,yjsxmxdyFR,2015/3/23/15/7/16,0,user116,Agent,Smith116,email116,0,0,2014/3/13/0/4/3
117,HJ6h6XB4ZY,2013/1/10/22/50/27,0,user117,Agent,Smith117,email117,0,0,2013/9/7/17/32/49
118,kwQ3CJyVJP,2014/5/17/5/59/11,0,user118,Agent,Smith118,email118,0,0,2015/1/29/13/36/14
119,dUL8SXVVHs,2013/6/17/11/16/28,0,user119,Agent,Smith119,email119,0,0,2015/1/15/19/59/37
120,6ZgtptVxAS,2015/10/26/6/45/6,0,user120,Agent,Smith120,email120,0,0,2015/10/13/5/29/58
121,udYmPHj4xy,2015/5/7/21/26/1,0,user121,Agent,Smith121,email121,0,0,2014/12/26/0/55/6
122,dySb9pt25z,2013/10/9/0/26/8,0,user122,Agent,Smith122,email122,0,0,2013/11/7/0/59/43
123,ZFNU6vFZDe,2015/7/16/22/27/39,0,user123,Agent,Smith123,email123,0,0,2014/6/1/23/31/8
124,qKz3ZhF7AZ,2013/5/16/11/16/7,0,user124,Agent,Smith124,email124,0,0,2013/12/1/0/24/36
125,qNAsJrRrqw,2014/8/14/1/56/55,0,user125,Agent,Smith125,email125,0,0,2014/9/5/6/49/11
126,kGBTfW8kEb,2013/3/12/8/29/35,0,user126,Agent,Smith126,email126,0,0,2014/10/1/11/43/52
127,KjDZLpBLcs,2013/7/10/22/24/16,0,user127,Agent,Smith127,email127,0,0,2013/2/29/16/10/58
128,34W448vdHG,2014/11/14/6/11/6,0,user128,Agent,Smith128,email128,0,0,2013/6/3/20/58/54
129,jv7m83kPfN,2015/9/21/8/23/50,0,user129,Agent,Smith129,email129,0,0,2015/5/29/4/47/39
130,yCVXjPYd4V,2015/8/8/22/48/11,0,user130,Agent,Smith130,email130,0,0,2015/3/7/22/54/45
131,wyChjxURDY,2014/9/9/11/5/44,0,user131,Agent,Smith131,email131,0,0,2015/1/2/8/3/23
132,hQSewruEfk,2015/3/12/19/16/42,0,user132,Agent,Smith132,email132,0,0,2015/5/10/15/45/45
133,aSZ6jvZvz5,2013/1/2/16/18/13,0,user133,Agent,Smith133,email133,0,0,2014/12/18/17/15/8
134,hVHQDm5txw,2013/7/19/16/51/41,0,user134,Agent,Smith134,email134,0,0,2014/1/27/12/20/48
135,7SetnBAASX,2014/2/15/7/11/1,0,user135,Agent,Smith135,email135,0,0,2013/1/27/21/45/7
136,3eHMu3Nn9n,2014/4/24/12/17/35,0,user136,Agent,Smith136,email136,0,0,2015/7/28/4/58/34
137,ZLXdYJg7Dp,2014/9/16/23/22/7,0,user137,Agent,Smith137,email137,0,0,2014/9/23/11/57/7
138,ajxXs7cVb9,2014/8/29/4/23/44,0,user138,Agent,Smith138,email138,0,0,2015/3/1/18/5/18
139,PMrHrPBz6M,2014/10/1/1/26/42,0,user139,Agent,Smith139,email139,0,0,2015/5/12/23/50/26
140,ygYUmnMsWU,2013/12/30/5/25/56,0,user140,Agent,Smith140,email140,0,0,2013/4/9/17/23/46
141,RF724Gfq7j,2014/9/3/9/8/40,0,user141,Agent,Smith141,email141,0,0,2015/6/29/18/33/11
142,txdqx74jxg,2014/7/12/11/47/45,0,user142,Agent,Smith142,email142,0,0,2014/3/16/23/40/2
143,CGkkuqK5ug,2014/1/27/23/8/9,0,user143,Agent,Smith143,email143,0,0,2013/3/4/7/23/12
144,rHdyY9qetW,2013/5/2/20/26/36,0,user144,Agent,Smith144,email144,0,0,2013/12/11/16/4/23
145,MuM6vNbRKN,2014/2/4/2/31/43,0,user145,Agent,Smith145,email145,0,0,2014/1/20/13/34/53
146,AzUNaMkXA3,2013/4/18/4/36/25,0,user146,Agent,Smith146,email146,0,0,2014/5/23/21/50/45
147,DaUCdyjBCE,2015/12/27/21/5/52,0,user147,Agent,Smith147,email147,0,0,2015/1/1/8/35/26
148,HaQyYp2DRP,2013/9/11/5/38/57,0,user148,Agent,Smith148,email148,0,0,2015/6/10/16/59/29
149,5LtS6wQb2C,2013/2/14/20/11/46,0,user149,Agent,Smith149,email149,0,0,2014/5/27/9/18/52
150,3BcuJ9bJNC,2015/8/20/20/57/59,0,user150,Agent,Smith150,email150,0,0,2013/7/12/7/24/49
151,8DVDfAQp6G,2015/9/5/9/31/20,0,user151,Agent,Smith151,email151,0,0,2014/1/30/10/24/0
152,cZLnnNGU3J,2015/1/22/13/6/45,0,user152,Agent,Smith152,email152,0,0,2015/2/24/15/55/21
153,WF5BMFfX6F,2013/12/13/14/20/59,0,user153,Agent,Smith153,email153,0,0,2015/1/18/10/9/39
154,u7HAJHAJWQ,2015/9/11/6/27/45,0,user154,Agent,Smith154,email154,0,0,2015/8/27/13/59/49
155,HbATp74cSL,2014/10/17/10/41/28,0,user155,Agent,Smith155,email155,0,0,2013/5/8/20/36/36
156,qjYUcYmECV,2015/2/29/23/37/50,0,user156,Agent,Smith156,email156,0,0,2015/1/3/1/36/20
157,4YrZrSUcJg,2013/7/15/20/14/50,0,user157,Agent,Smith157,email157,0,0,2013/11/2/3/47/10
158,wh2neB6DLw,2013/4/25/12/18/37,0,user158,Agent,Smith158,email158,0,0,2014/9/28/7/57/57
159,YsUBArbhsJ,2013/9/15/22/56/25,0,user159,Agent,Smith159,email159,0,0,2014/3/6/21/13/41
160,GCucqmZyvE,2015/7/30/10/17/53,0,user160,Agent,Smith160,email160,0,0,2014/10/10/7/17/28
161,r8UZXmxjMV,2015/8/25/1/26/30,0,user161,Agent,Smith161,email161,0,0,2014/9/29/1/38/46
162,uhWHDAt4dw,2013/6/1/1/25/34,0,user162,Agent,Smith162,email162,0,0,2014/3/2/9/57/23
163,mYXu2J3N5c,2014/12/4/19/33/20,0,user163,Agent,Smith163,email163,0,0,2013/8/28/14/25/5
164,NVWvDxCWaZ,2015/12/14/5/30/20,0,user164,Agent,Smith164,email164,0,0,2014/1/4/8/2/41
165,4xXwJbrfHt,2013/8/13/20/55/34,0,user165,Agent,Smith165,email165,0,0,2013/11/5/22/45/35
166,Wqbu5gEhkU,2013/10/18/15/51/55,0,user166,Agent,Smith166,email166,0,0,2013/9/14/11/24/27
167,YeasGZCqFC,2014/9/3/21/11/27,0,user167,Agent,Smith167,email167,0,0,2013/7/8/18/19/32
168,7QpeHtEfwf,2015/10/7/7/45/22,0,user168,Agent,Smith168,email168,0,0,2015/12/16/16/57/28
169,yhkaUqdcaF,2015/11/4/23/6/41,0,user169,Agent,Smith169,email169,0,0,2014/4/20/4/4/22
170,8G78KLUAAR,2015/6/29/5/38/42,0,user170,Agent,Smith170,email170,0,0,2014/6/12/0/14/54
171,kRNPD5n7cL,2014/8/19/7/36/23,0,user171,Agent,Smith171,email171,0,0,2014/9/25/2/17/27
172,8CfGzs9LNT,2013/8/29/4/8/56,0,user172,Agent,Smith172,email172,0,0,2013/3/20/9/4/56
173,tp9WDb3427,2013/12/17/2/35/40,0,user173,Agent,Smith173,email173,0,0,2015/1/28/16/32/33
174,mYfTz5R49W,2015/12/12/10/31/35,0,user174,Agent,Smith174,email174,0,0,2014/3/13/12/36/11
175,sLXvRa3SNR,2015/1/9/8/23/35,0,user175,Agent,Smith175,email175,0,0,2015/3/4/22/38/53
176,kMeDdUYTqU,2015/4/24/5/55/24,0,user176,Agent,Smith176,email176,0,0,2015/12/12/2/4/35
177,f4QjFxrfWe,2013/4/15/1/7/7,0,user177,Agent,Smith177,email177,0,0,2014/1/9/19/30/14
178,NgkjjTDmL8,2015/1/29/10/42/38,0,user178,Agent,Smith178,email178,0,0,2014/3/27/15/24/27
179,USSVGnj9Qj,2013/2/11/20/12/46,0,user179,Agent,Smith179,email179,0,0,2013/12/2/11/27/9
180,tA4fTSeRRV,2013/6/24/21/23/22,0,user180,Agent,Smith180,email180,0,0,2015/9/21/4/3/35
181,mbdkVEyC4D,2013/2/10/9/21/21,0,user181,Agent,Smith181,email181,0,0,2015/8/23/8/22/46
182,9euqYPWhZd,2015/3/21/12/48/18,0,user182,Agent,Smith182,email182,0,0,2013/1/18/16/11/37
183,BDvVWjk5S4,2015/5/8/23/38/5,0,user183,Agent,Smith183,email183,0,0,2015/3/6/5/40/20
184,hqh8PjZjXz,2015/12/23/2/39/1,0,user184,Agent,Smith184,email184,0,0,2013/3/15/15/46/56
185,yjzYXnERm6,2013/7/14/10/49/6,0,user185,Agent,Smith185,email185,0,0,2013/8/27/2/47/40
186,heVgZ5m34y,2014/5/22/20/46/36,0,user186,Agent,Smith186,email186,0,0,2013/8/8/23/36/3
187,qyt44fqpfX,2014/11/29/12/48/2,0,user187,Agent,Smith187,email187,0,0,2015/3/3/3/16/45
188,kZ9kTGyF9a,2013/10/29/17/55/51,0,user188,Agent,Smith188,email188,0,0,2015/6/18/5/56/49
189,Rqu7RKarGw,2015/1/26/9/16/49,0,user189,Agent,Smith189,email189,0,0,2014/10/27/4/19/43
190,KpRbH3zpJC,2013/12/1/3/13/51,0,user190,Agent,Smith190,email190,0,0,2015/8/24/14/46/46
191,xecRsn9f44,2015/11/26/17/50/44,0,user191,Agent,Smith191,email191,0,0,2013/11/4/2/24/54
192,4mr4pk3t6V,2015/3/18/21/53/9,0,user192,Agent,Smith192,email192,0,0,2014/11/1/20/18/26
193,S9ePrgLNwf,2015/1/24/0/5/4,0,user193,Agent,Smith193,email193,0,0,2013/3/27/8/15/9
194,DVc2cMvv73,2014/5/16/10/59/0,0,user194,Agent,Smith194,email194,0,0,2015/10/21/15/48/2
195,Nr54mmCzFZ,2013/3/4/18/33/38,0,user195,Agent,Smith195,email195,0,0,2015/3/16/6/31/16
196,Djk2LjFHbm,2014/11/30/13/32/2,0,user196,Agent,Smith196,email196,0,0,2015/11/22/15/12/59
197,U9ZNxedSJ4,2015/11/26/12/54/58,0,user197,Agent,Smith197,email197,0,0,2014/10/26/11/18/6
198,xvS6LWZD2j,2014/5/28/8/22/8,0,user198,Agent,Smith198,email198,0,0,2014/3/14/0/42/14
199,d5vucH4TUZ,2014/1/13/14/9/59,0,user199,Agent,Smith199,email199,0,0,2015/12/22/19/52/20
200,xCu3ahFPLr,2013/9/18/8/29/28,0,user200,Agent,Smith200,email200,0,0,2013/4/6/12/8/17
201,2PYvvmwUJm,2015/12/7/3/15/56,0,user201,Agent,Smith201,email201,0,0,2014/11/3/15/12/43
202,QPQFYCBNsz,2014/10/28/12/17/27,0,user202,Agent,Smith202,email202,0,0,2014/4/10/5/45/52
203,3Q3JLNTcem,2015/5/11/15/48/53,0,user203,Agent,Smith203,email203,0,0,2015/5/23/17/53/47
204,2xWFzVvQUU,2015/4/28/15/48/49,0,user204,Agent,Smith204,email204,0,0,2014/8/26/2/46/33
205,zPU72a3UmQ,2013/11/25/7/42/44,0,user205,Agent,Smith205,email205,0,0,2013/6/29/23/38/58
206,gnFP5WZ3Xz,2014/3/5/8/42/51,0,user206,Agent,Smith206,email206,0,0,2015/6/15/0/10/26
207,nQSU5FZmn5,2013/4/19/4/38/19,0,user207,Agent,Smith207,email207,0,0,2014/3/16/20/37/55
208,pLhF2Yr3Dy,2013/6/27/11/47/33,0,user208,Agent,Smith208,email208,0,0,2014/7/27/12/13/33
209,ewW5Dru4gs,2013/5/5/5/12/15,0,user209,Agent,Smith209,email209,0,0,2013/2/3/0/13/38
210,7hYvzAnxdY,2013/9/27/22/23/18,0,user210,Agent,Smith210,email210,0,0,2014/4/10/2/37/55
211,uSx6jEC56W,2013/8/29/19/15/28,0,user211,Agent,Smith211,email211,0,0,2015/2/24/12/41/15
212,wV45znfPz8,2014/7/12/11/9/13,0,user212,Agent,Smith212,email212,0,0,2015/5/7/8/21/15
213,NmPaNwAwXW,2013/8/3/16/42/17,0,user213,Agent,Smith213,email213,0,0,2014/10/24/4/30/11
214,cvdcYFvJXt,2014/2/24/16/59/18,0,user214,Agent,Smith214,email214,0,0,2015/5/27/12/24/23
215,XL7JjVvh23,2014/10/1/13/16/59,0,user215,Agent,Smith215,email215,0,0,2015/9/30/22/52/35
216,yG2MjZL29R,2014/12/25/22/37/14,0,user216,Agent,Smith216,email216,0,0,2014/1/14/21/33/52
217,6W5Pqn9sED,2013/4/17/16/53/23,0,user217,Agent,Smith217,email217,0,0,2015/9/3/19/45/3
218,ft2VwwySLe,2014/12/4/20/11/21,0,user218,Agent,Smith218,email218,0,0,2014/8/18/21/20/30
219,VCSumnKcDh,2015/7/15/18/31/28,0,user219,Agent,Smith219,email219,0,0,2013/10/3/18/15/52
220,MTTmhLTmzg,2014/3/5/2/34/12,0,user220,Agent,Smith220,email220,0,0,2013/2/3/12/55/50
221,2QT2cdE6ke,2015/1/19/18/37/30,0,user221,Agent,Smith221,email221,0,0,2013/10/13/5/38/23
222,Rkf5sTgdcH,2014/10/19/12/6/35,0,user222,Agent,Smith222,email222,0,0,2013/1/18/12/38/21
223,VEwwvFGavq,2014/11/16/16/38/26,0,user223,Agent,Smith223,email223,0,0,2014/3/23/7/26/30
224,AQaZZ2cZnW,2013/10/12/15/12/24,0,user224,Agent,Smith224,email224,0,0,2013/4/5/7/7/49
225,Jga2uqmRHy,2013/7/22/9/11/53,0,user225,Agent,Smith225,email225,0,0,2014/4/8/10/0/15
226,V2wREX7sVh,2015/3/8/8/55/4,0,user226,Agent,Smith226,email226,0,0,2013/6/23/0/18/16
227,XssYU55mRx,2013/9/13/22/39/21,0,user227,Agent,Smith227,email227,0,0,2013/12/4/3/32/33
228,85Ls2EY65t,2013/10/20/18/34/57,0,user228,Agent,Smith228,email228,0,0,2015/8/19/15/30/43
229,vBqKhbM3ps,2014/8/12/12/51/58,0,user229,Agent,Smith229,email229,0,0,2015/9/29/3/51/53
230,jZfcZdYPJQ,2014/1/27/22/41/13,0,user230,Agent,Smith230,email230,0,0,2013/3/4/4/43/12
231,ZsUgfYS38y,2015/3/23/6/25/47,0,user231,Agent,Smith231,email231,0,0,2014/2/30/19/18/9
232,WrXxMPCf34,2013/7/16/14/58/33,0,user232,Agent,Smith232,email232,0,0,2015/4/29/1/57/44
233,cPrSZwhEkS,2013/1/21/10/29/19,0,user233,Agent,Smith233,email233,0,0,2015/11/2/11/31/10
234,V8mvyc5PCm,2014/6/28/20/50/35,0,user234,Agent,Smith234,email234,0,0,2013/11/10/2/21/28
235,c6H8WfCTLr,2015/12/27/23/16/46,0,user235,Agent,Smith235,email235,0,0,2013/4/7/12/38/50
236,HAAqpg4uz8,2013/5/13/21/29/53,0,user236,Agent,Smith236,email236,0,0,2013/2/30/18/20/49
237,r4EJm48Lwc,2014/3/22/15/30/28,0,user237,Agent,Smith237,email237,0,0,2013/5/13/0/31/9
238,kgdgGML8LJ,2015/4/20/12/22/13,0,user238,Agent,Smith238,email238,0,0,2014/6/23/9/26/19
239,YXN3UMBeNY,2013/5/15/15/26/8,0,user239,Agent,Smith239,email239,0,0,2015/5/24/3/16/40
240,ZbX9An7hWr,2015/2/26/12/45/10,0,user240,Agent,Smith240,email240,0,0,2014/7/30/15/20/41
241,xCBZVqTggE,2014/3/13/15/34/32,0,user241,Agent,Smith241,email241,0,0,2013/5/29/3/54/12
242,wwkFHkLNna,2013/7/28/16/10/41,0,user242,Agent,Smith242,email242,0,0,2015/4/9/12/34/20
243,B5aKTGuDSg,2015/5/7/12/20/18,0,user243,Agent,Smith243,email243,0,0,2014/12/26/9/33/26
244,R9hyHsewG3,2013/4/1/6/55/3,0,user244,Agent,Smith244,email244,0,0,2014/7/29/18/52/26
245,wBxqa4MtXn,2014/4/22/6/26/56,0,user245,Agent,Smith245,email245,0,0,2013/12/29/22/4/14
246,Hkr9bS2Wdr,2013/7/26/12/20/2,0,user246,Agent,Smith246,email246,0,0,2015/10/22/4/54/7
247,aQmXm8QBmM,2013/2/16/10/59/59,0,user247,Agent,Smith247,email247,0,0,2015/1/13/2/56/34
248,VU72s4hv74,2014/9/3/18/55/45,0,user248,Agent,Smith248,email248,0,0,2014/3/15/22/15/20
249,VqkEXGXFgb,2014/10/12/2/41/49,0,user249,Agent,Smith249,email249,0,0,2014/8/24/15/55/8
250,3rH2VXYJZS,2013/2/21/23/21/57,0,user250,Agent,Smith250,email250,0,0,2013/10/22/15/0/22
251,E6FBTry8xx,2013/6/15/2/23/29,0,user251,Agent,Smith251,email251,0,0,2013/8/27/15/18/28
252,YNe4Dh9d4E,2013/1/8/15/2/39,0,user252,Agent,Smith252,email252,0,0,2013/10/2/23/29/15
253,4fVNUtcyNb,2014/12/18/20/32/13,0,user253,Agent,Smith253,email253,0,0,2014/5/30/18/19/35
254,RFHydUMpvY,2013/1/11/20/14/37,0,user254,Agent,Smith254,email254,0,0,2013/12/19/14/2/22
255,Mgwnufv5WW,2015/8/4/18/8/59,0,user255,Agent,Smith255,email255,0,0,2015/8/19/0/6/51
256,xhskukNv7U,2014/10/25/18/28/31,0,user256,Agent,Smith256,email256,0,0,2015/7/7/23/3/42
257,TwVHPLfC9L,2014/1/30/22/2/4,0,user257,Agent,Smith257,email257,0,0,2014/10/29/7/6/20
258,yYpHYaFVmK,2014/7/6/8/36/19,0,user258,Agent,Smith258,email258,0,0,2014/1/8/2/45/39
259,T6fPHDS6xP,2014/11/6/6/41/45,0,user259,Agent,Smith259,email259,0,0,2013/10/12/21/13/41
260,jNb7NTJ63A,2014/10/25/19/47/22,0,user260,Agent,Smith260,email260,0,0,2013/7/30/7/44/12
261,m4duWt6BAm,2013/11/2/21/15/28,0,user261,Agent,Smith261,email261,0,0,2015/3/7/15/33/11
262,DGqkMKGdcN,2014/9/18/9/21/0,0,user262,Agent,Smith262,email262,0,0,2013/5/15/13/5/38
263,RrCUVuCsak,2014/2/9/21/21/4,0,user263,Agent,Smith263,email263,0,0,2013/8/17/12/18/45
264,rnUpJS5RVJ,2014/6/18/12/17/53,0,user264,Agent,Smith264,email264,0,0,2013/2/22/15/42/54
265,dU88CZ65QC,2014/9/1/18/21/58,0,user265,Agent,Smith265,email265,0,0,2015/10/18/13/29/58
266,TCPP87KMMe,2014/6/25/16/10/32,0,user266,Agent,Smith266,email266,0,0,2015/7/8/4/6/35
267,GQyerSn7PV,2013/9/5/4/50/57,0,user267,Agent,Smith267,email267,0,0,2014/10/18/1/13/37
268,hKGRqn5jmF,2015/10/11/11/8/52,0,user268,Agent,Smith268,email268,0,0,2015/9/10/9/41/26
269,vxYug262dZ,2014/2/1/9/28/3,0,user269,Agent,Smith269,email269,0,0,2014/9/11/16/12/30
270,RJRDPugvVA,2014/10/12/19/21/11,0,user270,Agent,Smith270,email270,0,0,2014/12/30/7/11/4
271,DzbXaJga9u,2014/4/30/20/14/42,0,user271,Agent,Smith271,email271,0,0,2013/12/13/10/25/49
272,k7db8LjHTW,2013/6/1/19/56/32,0,user272,Agent,Smith272,email272,0,0,2015/10/11/20/47/23
273,P2RDRxyVwg,2014/5/15/1/59/13,0,user273,Agent,Smith273,email273,0,0,2013/9/13/2/13/53
274,85RcLZadjY,2013/2/25/4/34/38,0,user274,Agent,Smith274,email274,0,0,2013/4/11/14/12/34
275,WMsDZBHRYX,2015/8/11/5/57/0,0,user275,Agent,Smith275,email275,0,0,2015/6/1/9/58/21
276,tshDp2AJaj,2013/2/21/23/47/22,0,user276,Agent,Smith276,email276,0,0,2015/9/16/10/14/43
277,2CK77c6ESs,2014/4/22/7/13/26,0,user277,Agent,Smith277,email277,0,0,2015/2/27/9/4/18
278,BdcQNBm4r2,2013/1/17/15/51/9,0,user278,Agent,Smith278,email278,0,0,2013/1/9/3/0/3
279,ayuTJZ8pt8,2014/8/14/22/15/21,0,user279,Agent,Smith279,email279,0,0,2015/4/29/16/4/31
280,DchvKdJ6Gh,2014/12/18/20/4/44,0,user280,Agent,Smith280,email280,0,0,2014/11/8/4/44/47
281,dftTjqFKd3,2014/2/26/8/55/13,0,user281,Agent,Smith281,email281,0,0,2014/5/10/8/37/23
282,zmA429UvrY,2015/1/14/18/9/41,0,user282,Agent,Smith282,email282,0,0,2015/9/5/12/37/7
283,fsKnKztjSQ,2015/12/26/7/35/24,0,user283,Agent,Smith283,email283,0,0,2013/9/20/7/11/46
284,hTdCDLYSgs,2015/8/7/0/21/6,0,user284,Agent,Smith284,email284,0,0,2014/6/5/12/45/14
285,6dQhJ2eANf,2013/8/22/12/36/41,0,user285,Agent,Smith285,email285,0,0,2015/6/17/22/18/37
286,6RLLjSfkuH,2015/8/3/0/42/15,0,user286,Agent,Smith286,email286,0,0,2014/4/22/15/21/1
287,3CrsaeDdbX,2015/5/30/17/27/35,0,user287,Agent,Smith287,email287,0,0,2014/5/12/18/24/35
288,7b6hXwN8Wy,2013/10/30/16/58/22,0,user288,Agent,Smith288,email288,0,0,2013/3/29/7/58/33
289,s6sRPGMHLt,2015/9/25/7/36/34,0,user289,Agent,Smith289,email289,0,0,2015/4/12/22/56/33
290,gaPJ2Drm9g,2014/2/4/5/53/30,0,user290,Agent,Smith290,email290,0,0,2014/1/5/16/17/55
291,KzwygRmTQD,2014/7/16/7/8/34,0,user291,Agent,Smith291,email291,0,0,2015/1/2/7/7/20
292,Edjm76TU97,2015/4/3/15/50/59,0,user292,Agent,Smith292,email292,0,0,2015/1/6/14/10/48
293,YNTrHzQDsU,2015/1/4/3/16/29,0,user293,Agent,Smith293,email293,0,0,2015/1/8/5/13/15
294,TK3xZeURma,2013/2/14/3/1/27,0,user294,Agent,Smith294,email294,0,0,2015/2/28/3/27/23
295,zJ9huJqPY7,2014/1/13/22/48/43,0,user295,Agent,Smith295,email295,0,0,2014/3/27/4/34/44
296,cgMHUQh6Ye,2014/4/5/19/41/3,0,user296,Agent,Smith296,email296,0,0,2015/2/29/6/53/6
297,XXRDgsq3rU,2015/10/13/22/51/14,0,user297,Agent,Smith297,email297,0,0,2015/10/29/13/45/7
298,aVKv8PYSZf,2013/1/26/15/1/57,0,user298,Agent,Smith298,email298,0,0,2014/4/7/3/10/5
299,rEnN4dkjtP,2014/3/23/5/1/29,0,user299,Agent,Smith299,email299,0,0,2013/10/23/2/49/31
300,rgVkCL3rKB,2015/3/25/5/50/47,0,user300,Agent,Smith300,email300,0,0,2013/10/23/1/41/57
301,zCcBgesCYj,2013/10/28/22/38/38,0,user301,Agent,Smith301,email301,0,0,2015/5/8/19/17/32
302,8mM2BFDJmx,2013/5/18/11/45/53,0,user302,Agent,Smith302,email302,0,0,2015/8/13/22/41/48
303,bM3X2hRSbA,2013/9/15/2/15/55,0,user303,Agent,Smith303,email303,0,0,2014/9/1/15/46/8
304,9qUejrgKht,2013/5/28/2/26/35,0,user304,Agent,Smith304,email304,0,0,2014/11/15/22/47/10
305,WgzNK8fPpk,2014/2/21/23/28/6,0,user305,Agent,Smith305,email305,0,0,2015/11/18/22/32/5
306,5XZD4CjdS7,2015/5/6/10/28/51,0,user306,Agent,Smith306,email306,0,0,2014/4/21/6/30/28
307,Z62f9KrkMm,2013/9/7/12/59/53,0,user307,Agent,Smith307,email307,0,0,2014/1/12/1/47/40
308,gqyQ6M2C2q,2013/3/17/14/45/58,0,user308,Agent,Smith308,email308,0,0,2013/5/6/5/29/42
309,JNWFg2jyay,2015/7/13/14/2/32,0,user309,Agent,Smith309,email309,0,0,2014/5/4/9/51/57
310,cNdf4c64Jm,2013/11/9/2/21/36,0,user310,Agent,Smith310,email310,0,0,2015/3/12/1/53/49
311,KbqmEVTK24,2015/12/12/6/47/3,0,user311,Agent,Smith311,email311,0,0,2013/2/11/2/49/17
312,dPnJf5WFqk,2014/4/28/20/1/55,0,user312,Agent,Smith312,email312,0,0,2015/2/22/19/21/24
313,WpJyD3HzzC,2015/12/10/13/37/1,0,user313,Agent,Smith313,email313,0,0,2013/4/20/15/30/30
314,cSYtNqcXtB,2014/12/2/21/2/51,0,user314,Agent,Smith314,email314,0,0,2013/8/14/4/44/41
315,8MsTCZ8AnR,2013/8/4/9/0/12,0,user315,Agent,Smith315,email315,0,0,2013/4/6/10/45/51
316,rCSBfcChuQ,2013/5/15/0/28/34,0,user316,Agent,Smith316,email316,0,0,2014/12/22/8/12/20
317,XJLVR7UWfP,2013/11/25/22/21/13,0,user317,Agent,Smith317,email317,0,0,2014/7/4/10/49/33
318,EgrSvYMemv,2015/10/19/19/42/39,0,user318,Agent,Smith318,email318,0,0,2015/6/19/12/16/33
319,a3vVw4KeDK,2015/5/6/10/26/50,0,user319,Agent,Smith319,email319,0,0,2014/4/4/16/45/20
320,9JDs3rFexe,2013/11/7/20/12/46,0,user320,Agent,Smith320,email320,0,0,2013/8/25/12/40/39
321,Gkt4nfA4pB,2015/4/5/16/32/10,0,user321,Agent,Smith321,email321,0,0,2014/3/16/21/22/31
322,5PvvzRhhur,2013/6/15/16/15/35,0,user322,Agent,Smith322,email322,0,0,2015/3/17/12/4/48
323,mvs9NbSSZF,2014/6/7/5/53/24,0,user323,Agent,Smith323,email323,0,0,2013/5/6/10/14/23
324,HKfWsTW6yU,2014/7/17/4/16/47,0,user324,Agent,Smith324,email324,0,0,2014/8/8/11/28/41
325,jQDYT7TTgG,2014/11/12/11/21/22,0,user325,Agent,Smith325,email325,0,0,2013/2/10/11/53/19
326,DjjWckuudN,2013/7/3/4/24/9,0,user326,Agent,Smith326,email326,0,0,2014/4/9/14/15/14
327,fxhQLhu9RB,2014/6/23/22/37/45,0,user327,Agent,Smith327,email327,0,0,2014/7/18/7/36/27
328,8Whv92QE2S,2014/8/23/20/10/8,0,user328,Agent,Smith328,email328,0,0,2015/12/1/1/46/9
329,eKdQMNcHGw,2015/12/28/8/31/8,0,user329,Agent,Smith329,email329,0,0,2014/9/3/17/28/21
330,9Bb5ExbXFv,2013/12/23/21/5/43,0,user330,Agent,Smith330,email330,0,0,2014/2/6/11/2/2
331,H5yJEQXaNy,2014/4/2/15/54/25,0,user331,Agent,Smith331,email331,0,0,2015/12/22/19/42/58
332,mMNJjztYS3,2014/8/27/21/35/59,0,user332,Agent,Smith332,email332,0,0,2013/4/30/4/21/35
333,kGZwuRCSmB,2013/8/22/8/57/5,0,user333,Agent,Smith333,email333,0,0,2013/12/17/22/17/21
334,F6QgmU5Dem,2013/2/26/7/42/57,0,user334,Agent,Smith334,email334,0,0,2013/11/6/10/30/37
335,ShGuYNmDyb,2013/10/18/14/51/32,0,user335,Agent,Smith335,email335,0,0,2015/8/20/1/14/53
336,8xFNANDKVt,2015/7/11/8/18/11,0,user336,Agent,Smith336,email336,0,0,2014/6/23/14/8/51
337,2LtUtBHpd3,2013/3/30/13/11/51,0,user337,Agent,Smith337,email337,0,0,2014/11/18/18/29/0
338,BtWyLNY9zV,2015/8/29/23/22/3,0,user338,Agent,Smith338,email338,0,0,2015/2/20/11/14/22
339,Sh4Nxz4dC2,2014/8/18/12/26/28,0,user339,Agent,Smith339,email339,0,0,2014/1/24/4/55/22
340,dsg7wwu2bP,2015/9/7/23/13/0,0,user340,Agent,Smith340,email340,0,0,2014/11/19/14/44/5
341,crVy2cPx7f,2014/8/24/21/32/29,0,user341,Agent,Smith341,email341,0,0,2013/1/3/9/51/14
342,EPUqzsLshZ,2014/7/24/1/45/4,0,user342,Agent,Smith342,email342,0,0,2015/11/19/23/29/1
343,ahtkfajPAh,2015/5/16/23/17/9,0,user343,Agent,Smith343,email343,0,0,2014/7/3/11/8/47
344,7GPzTC6CRh,2014/10/18/5/12/14,0,user344,Agent,Smith344,email344,0,0,2013/6/7/16/58/46
345,5gFje2CRXC,2014/12/18/1/17/9,0,user345,Agent,Smith345,email345,0,0,2014/5/23/17/42/48
346,U7X3Tfs9rP,2014/8/13/16/26/6,0,user346,Agent,Smith346,email346,0,0,2014/6/21/17/45/54
347,HW6dVxtaWH,2014/2/29/0/32/50,0,user347,Agent,Smith347,email347,0,0,2015/2/6/0/30/59
348,bbrTfAwnuf,2015/7/12/5/56/22,0,user348,Agent,Smith348,email348,0,0,2014/12/23/22/5/26
349,whXPTe3kCv,2014/12/16/14/8/20,0,user349,Agent,Smith349,email349,0,0,2014/10/11/1/50/11
350,XZmfSuWRJK,2014/8/30/18/14/56,0,user350,Agent,Smith350,email350,0,0,2013/12/30/13/46/12
351,LMKDYmQMxk,2013/2/20/11/54/28,0,user351,Agent,Smith351,email351,0,0,2015/5/2/19/46/31
352,NNDfKhcevG,2015/5/2/5/39/14,0,user352,Agent,Smith352,email352,0,0,2015/2/18/0/20/52
353,EwjnXzgBL9,2013/6/5/13/15/50,0,user353,Agent,Smith353,email353,0,0,2014/10/24/14/54/55
354,5z6StndkkQ,2015/3/1/4/11/34,0,user354,Agent,Smith354,email354,0,0,2013/12/6/15/34/54
355,8mTJJYJxTB,2015/2/5/13/48/59,0,user355,Agent,Smith355,email355,0,0,2013/2/27/21/43/33
356,uXFhyCvV7s,2013/11/13/20/58/7,0,user356,Agent,Smith356,email356,0,0,2015/12/25/11/2/41
357,WxGPJwLmnM,2013/10/12/0/24/25,0,user357,Agent,Smith357,email357,0,0,2014/4/30/23/22/0
358,TtABk2UkhM,2015/10/11/12/45/7,0,user358,Agent,Smith358,email358,0,0,2015/5/15/21/54/3
359,g6YcdCHJQV,2015/12/2/20/45/24,0,user359,Agent,Smith359,email359,0,0,2014/7/26/8/45/50
360,JVNt7YRW6M,2015/4/25/19/52/23,0,user360,Agent,Smith360,email360,0,0,2014/5/8/17/30/39
361,dW5tFPcSAZ,2014/8/10/23/26/47,0,user361,Agent,Smith361,email361,0,0,2014/1/24/17/30/4
362,5dxMduxgck,2015/10/18/8/55/13,0,user362,Agent,Smith362,email362,0,0,2015/6/29/13/31/14
363,pfsfDec4Rg,2014/1/14/13/10/58,0,user363,Agent,Smith363,email363,0,0,2013/10/19/5/59/20
364,pHpDPEftc2,2015/10/1/1/34/12,0,user364,Agent,Smith364,email364,0,0,2014/5/3/5/43/24
365,d39LryWrL2,2013/12/17/16/24/31,0,user365,Agent,Smith365,email365,0,0,2013/10/21/6/23/8
366,VyKXDUb7N3,2015/8/27/23/38/34,0,user366,Agent,Smith366,email366,0,0,2014/10/10/5/43/59
367,KTFjbenduC,2015/1/10/7/34/30,0,user367,Agent,Smith367,email367,0,0,2014/3/24/19/21/4
368,5McqJNvbtx,2015/8/18/5/25/59,0,user368,Agent,Smith368,email368,0,0,2013/1/24/14/40/26
369,7AF4KQtJyg,2013/6/29/1/15/36,0,user369,Agent,Smith369,email369,0,0,2013/11/6/17/11/15
370,TnV3kbSPEd,2014/11/22/18/17/16,0,user370,Agent,Smith370,email370,0,0,2013/7/1/14/54/23
371,6nH9bLghCP,2015/12/5/18/48/38,0,user371,Agent,Smith371,email371,0,0,2015/2/20/6/35/55
372,m7yaXG6w3N,2013/11/30/23/52/20,0,user372,Agent,Smith372,email372,0,0,2014/4/4/2/53/47
373,PmaSpCzygy,2015/3/10/10/7/34,0,user373,Agent,Smith373,email373,0,0,2014/6/6/20/55/32
374,FGaCJYfZvJ,2014/5/4/18/11/57,0,user374,Agent,Smith374,email374,0,0,2013/8/5/23/8/52
375,zje9a7tX2M,2014/7/8/0/46/51,0,user375,Agent,Smith375,email375,0,0,2015/2/23/20/5/44
376,9KRX8nhPwB,2014/1/19/14/58/15,0,user376,Agent,Smith376,email376,0,0,2014/6/1/16/30/27
377,uyT8fu8D4E,2013/8/2/20/2/38,0,user377,Agent,Smith377,email377,0,0,2013/10/19/16/41/39
378,XzKa35wnEf,2015/11/11/6/46/55,0,user378,Agent,Smith378,email378,0,0,2015/6/30/15/37/1
379,9GZvCt3mH8,2015/10/19/17/1/7,0,user379,Agent,Smith379,email379,0,0,2014/2/4/6/21/37
380,qfR8SNRN7M,2013/1/8/8/53/7,0,user380,Agent,Smith380,email380,0,0,2015/10/17/17/18/7
381,5zAjZSaMcd,2013/12/30/12/40/42,0,user381,Agent,Smith381,email381,0,0,2013/5/21/17/17/2
382,QVYavpjHM3,2015/8/29/20/51/6,0,user382,Agent,Smith382,email382,0,0,2015/12/6/8/2/10
383,DXw7g8v6tu,2013/3/21/4/14/9,0,user383,Agent,Smith383,email383,0,0,2015/6/9/21/49/2
384,nxERdkRSbh,2015/9/5/15/13/37,0,user384,Agent,Smith384,email384,0,0,2014/1/5/12/48/58
385,Qg4b34Jtr7,2015/5/13/17/52/54,0,user385,Agent,Smith385,email385,0,0,2013/5/17/20/21/51
386,bSjZHG3Gx7,2015/3/2/8/14/12,0,user386,Agent,Smith386,email386,0,0,2015/3/20/13/46/45
387,9ECHsjGqSQ,2015/8/27/19/29/59,0,user387,Agent,Smith387,email387,0,0,2013/3/10/3/13/26
388,mhcbbJAJm2,2015/6/12/16/21/12,0,user388,Agent,Smith388,email388,0,0,2013/1/12/22/10/51
389,UC7X25wmYw,2013/10/30/20/15/15,0,user389,Agent,Smith389,email389,0,0,2013/12/18/18/9/5
390,jFx6chwsBT,2015/6/4/9/29/55,0,user390,Agent,Smith390,email390,0,0,2014/11/2/23/26/14
391,qaR5bRj9rT,2013/7/18/15/15/14,0,user391,Agent,Smith391,email391,0,0,2013/3/7/14/49/33
392,3HsvWWcxkM,2013/9/10/5/14/33,0,user392,Agent,Smith392,email392,0,0,2013/9/8/19/43/31
393,65mdvMHDzX,2013/7/26/19/54/12,0,user393,Agent,Smith393,email393,0,0,2014/12/26/8/55/33
394,ms5JSkpLPJ,2013/4/27/13/17/22,0,user394,Agent,Smith394,email394,0,0,2013/12/5/12/26/14
395,QM4FT6m5dr,2014/8/3/13/30/19,0,user395,Agent,Smith395,email395,0,0,2013/2/23/21/27/24
396,6PBsyB5YPw,2014/5/20/22/7/11,0,user396,Agent,Smith396,email396,0,0,2013/1/17/7/24/2
397,vf5g56FXnc,2014/12/28/10/16/2,0,user397,Agent,Smith397,email397,0,0,2015/2/23/6/36/7
398,SG4jk3NDPT,2015/7/12/11/27/53,0,user398,Agent,Smith398,email398,0,0,2014/9/15/0/42/36
399,J8UqJy4mCU,2015/2/25/1/23/29,0,user399,Agent,Smith399,email399,0,0,2014/9/4/15/57/35
400,e6WsynHxRw,2013/5/23/21/43/13,0,user400,Agent,Smith400,email400,0,0,2013/6/25/11/44/17
401,QAwA7bLMa8,2013/2/1/19/1/39,0,user401,Agent,Smith401,email401,0,0,2015/8/29/0/33/54
402,PFuFCB8Bfy,2015/11/14/1/1/17,0,user402,Agent,Smith402,email402,0,0,2013/5/18/5/44/34
403,d6HASrYuKB,2015/9/16/22/19/3,0,user403,Agent,Smith403,email403,0,0,2013/7/24/7/29/3
404,hqWgRWhC3E,2013/5/16/20/11/7,0,user404,Agent,Smith404,email404,0,0,2013/3/8/21/57/58
405,dMmECKjvK2,2013/3/23/2/22/23,0,user405,Agent,Smith405,email405,0,0,2014/11/6/20/0/49
406,CUPQdxVPRv,2014/10/25/4/41/35,0,user406,Agent,Smith406,email406,0,0,2014/10/1/14/28/5
407,cWdpmMbZUa,2013/4/7/4/20/8,0,user407,Agent,Smith407,email407,0,0,2015/3/26/3/34/5
408,7bwEgeFAhP,2015/6/10/3/24/19,0,user408,Agent,Smith408,email408,0,0,2013/4/30/2/26/7
409,juav4yjpxA,2015/6/8/9/32/11,0,user409,Agent,Smith409,email409,0,0,2014/8/4/22/54/3
410,LYu8vbB378,2015/1/12/12/25/49,0,user410,Agent,Smith410,email410,0,0,2013/4/12/11/32/29
411,mJcbApGujd,2013/10/10/11/25/21,0,user411,Agent,Smith411,email411,0,0,2014/9/4/13/8/51
412,QTUCy8cAZB,2015/10/24/17/54/15,0,user412,Agent,Smith412,email412,0,0,2013/7/30/13/44/51
413,MTWsdnWw8h,2014/11/24/3/8/17,0,user413,Agent,Smith413,email413,0,0,2013/2/5/12/53/56
414,4Q78HTqRF2,2015/11/5/4/48/55,0,user414,Agent,Smith414,email414,0,0,2014/12/10/16/46/48
415,spJRSGa4tW,2015/1/20/23/56/48,0,user415,Agent,Smith415,email415,0,0,2014/9/17/15/7/9
416,NHWg7s5wN4,2013/11/10/20/12/43,0,user416,Agent,Smith416,email416,0,0,2014/11/18/20/34/53
417,K9L4eW434M,2015/11/27/16/56/59,0,user417,Agent,Smith417,email417,0,0,2013/12/18/23/25/9
418,eDteemFSme,2015/3/30/21/2/25,0,user418,Agent,Smith418,email418,0,0,2015/5/4/8/45/43
419,P8neyrrP3G,2015/10/6/20/0/15,0,user419,Agent,Smith419,email419,0,0,2014/4/9/10/35/13
420,cDdjWw26S9,2014/12/19/7/21/7,0,user420,Agent,Smith420,email420,0,0,2015/9/23/11/21/5
421,8PWVbuf4Pk,2015/4/19/18/49/57,0,user421,Agent,Smith421,email421,0,0,2013/1/21/14/36/39
422,R3hXDFTZYJ,2014/1/1/16/43/57,0,user422,Agent,Smith422,email422,0,0,2013/3/17/2/46/45
423,fHEyCfLas5,2013/7/28/9/7/45,0,user423,Agent,Smith423,email423,0,0,2015/12/13/5/10/39
424,W9C79prj2C,2013/6/16/17/51/23,0,user424,Agent,Smith424,email424,0,0,2014/9/6/3/48/33
425,qUs3CXQwWH,2015/7/21/14/36/31,0,user425,Agent,Smith425,email425,0,0,2015/12/5/8/52/35
426,heBz3LGmHm,2015/1/3/2/27/39,0,user426,Agent,Smith426,email426,0,0,2014/4/4/0/47/12
427,wKdagB4TVF,2014/2/1/12/49/56,0,user427,Agent,Smith427,email427,0,0,2014/1/20/14/28/48
428,4dDNTU8jFa,2013/8/18/16/10/40,0,user428,Agent,Smith428,email428,0,0,2013/4/1/11/20/5
429,VHptwwTxuF,2014/11/13/15/25/4,0,user429,Agent,Smith429,email429,0,0,2014/9/14/15/31/52
430,XAcJkYJtdh,2015/5/10/20/3/1,0,user430,Agent,Smith430,email430,0,0,2014/9/15/18/33/41
431,nqaaZEATFh,2014/2/29/0/7/16,0,user431,Agent,Smith431,email431,0,0,2015/3/12/11/0/11
432,jZLQHdYa4D,2013/12/13/18/47/42,0,user432,Agent,Smith432,email432,0,0,2015/7/2/22/9/32
433,pCPbahHVSU,2013/3/5/12/53/3,0,user433,Agent,Smith433,email433,0,0,2015/10/13/11/46/37
434,cYMCag2ugg,2014/5/24/19/39/32,0,user434,Agent,Smith434,email434,0,0,2014/7/13/23/51/20
435,Ppyg4bYz9g,2013/8/10/13/57/21,0,user435,Agent,Smith435,email435,0,0,2013/10/28/5/25/23
436,qTXv5EQUjm,2013/3/6/4/31/1,0,user436,Agent,Smith436,email436,0,0,2015/8/10/15/42/59
437,YKRZYcuzCr,2013/8/15/14/52/47,0,user437,Agent,Smith437,email437,0,0,2014/4/28/1/31/56
438,7c5hJqkdEX,2014/2/23/19/56/15,0,user438,Agent,Smith438,email438,0,0,2015/9/22/2/14/19
439,tuevenkfKk,2013/1/11/22/56/24,0,user439,Agent,Smith439,email439,0,0,2014/5/25/0/38/41
440,xSJs4eMPx7,2013/1/28/21/8/29,0,user440,Agent,Smith440,email440,0,0,2015/4/27/9/36/1
441,anjetsMQ3Q,2013/1/13/17/17/15,0,user441,Agent,Smith441,email441,0,0,2015/6/15/23/1/42
442,8P53Rz5WSp,2015/9/30/14/34/50,0,user442,Agent,Smith442,email442,0,0,2014/6/20/17/27/13
443,fvJGnnUb3y,2013/11/4/1/13/49,0,user443,Agent,Smith443,email443,0,0,2015/1/12/1/40/10
444,DMhrcd9htD,2015/2/14/14/22/59,0,user444,Agent,Smith444,email444,0,0,2013/10/28/2/45/56
445,W88CDCC9Dg,2015/8/17/17/36/30,0,user445,Agent,Smith445,email445,0,0,2014/7/3/17/16/13
446,ayaDAvvEwm,2014/1/30/17/55/48,0,user446,Agent,Smith446,email446,0,0,2015/6/9/18/48/59
447,nPtnWt4375,2015/6/1/4/18/30,0,user447,Agent,Smith447,email447,0,0,2014/8/20/9/28/1
448,RdKHkaJCHT,2015/1/25/8/45/13,0,user448,Agent,Smith448,email448,0,0,2015/7/9/19/55/49
449,KDAAqdkuUk,2014/12/11/8/55/54,0,user449,Agent,Smith449,email449,0,0,2013/9/27/22/15/8
450,h9YDU7BWap,2014/8/22/2/21/44,0,user450,Agent,Smith450,email450,0,0,2015/12/19/2/46/54
451,CCY9YWDfRX,2015/8/28/0/38/27,0,user451,Agent,Smith451,email451,0,0,2015/2/28/11/45/28
452,BdUdwaZjWv,2014/10/3/18/14/11,0,user452,Agent,Smith452,email452,0,0,2013/9/18/23/34/26
453,bSLQ7UMZmK,2015/6/21/16/33/7,0,user453,Agent,Smith453,email453,0,0,2013/10/12/15/54/36
454,HMQ4FMUTyy,2015/4/22/23/23/58,0,user454,Agent,Smith454,email454,0,0,2015/8/26/23/40/40
455,t9yKyZkJc3,2015/3/11/12/44/16,0,user455,Agent,Smith455,email455,0,0,2015/4/4/17/14/20
456,agNZpU5uE8,2015/12/16/10/35/31,0,user456,Agent,Smith456,email456,0,0,2015/2/9/23/9/18
457,f5kQGLymbz,2014/8/17/4/27/35,0,user457,Agent,Smith457,email457,0,0,2015/1/8/20/3/50
458,E4jDKhM63y,2015/12/1/6/55/33,0,user458,Agent,Smith458,email458,0,0,2014/3/24/15/21/9
459,hQnugRv2p4,2014/9/17/12/41/24,0,user459,Agent,Smith459,email459,0,0,2014/5/1/13/18/49
460,BfUw8srXmp,2015/4/19/20/9/38,0,user460,Agent,Smith460,email460,0,0,2014/4/6/17/38/34
461,ngqdsKtC3A,2015/8/1/3/59/19,0,user461,Agent,Smith461,email461,0,0,2013/1/11/5/2/15
462,HzrCetdhMf,2015/3/28/23/54/19,0,user462,Agent,Smith462,email462,0,0,2015/3/24/11/52/47
463,m56JxHKrVb,2014/3/16/7/25/52,0,user463,Agent,Smith463,email463,0,0,2015/5/30/17/53/3
464,95hRBFU7Rn,2014/9/22/3/34/37,0,user464,Agent,Smith464,email464,0,0,2015/5/3/3/31/0
465,DXQb7R424Z,2015/3/11/18/59/41,0,user465,Agent,Smith465,email465,0,0,2015/3/3/12/14/54
466,Zm8zYY4bNK,2014/6/22/12/10/35,0,user466,Agent,Smith466,email466,0,0,2013/3/3/1/50/53
467,U64rYyqRML,2013/5/4/5/9/59,0,user467,Agent,Smith467,email467,0,0,2015/1/21/4/37/59
468,HabqMVz8Gf,2014/5/18/9/44/5,0,user468,Agent,Smith468,email468,0,0,2013/7/21/21/35/10
469,YpD4Z7DfJe,2015/9/24/5/17/40,0,user469,Agent,Smith469,email469,0,0,2014/8/6/3/21/42
470,NM3PC4QLDH,2013/3/4/16/10/54,0,user470,Agent,Smith470,email470,0,0,2013/6/29/1/16/13
471,exLptRMTbs,2013/8/13/20/38/33,0,user471,Agent,Smith471,email471,0,0,2015/7/15/10/50/31
472,Xgf39STvqT,2015/9/29/2/35/2,0,user472,Agent,Smith472,email472,0,0,2013/5/29/22/1/50
473,DhYmfZ9KtW,2013/3/18/2/55/42,0,user473,Agent,Smith473,email473,0,0,2015/10/14/19/12/46
474,cNm53fgqUP,2013/3/23/21/39/52,0,user474,Agent,Smith474,email474,0,0,2013/4/7/8/50/42
475,Z3wypPGaJU,2015/6/13/10/22/8,0,user475,Agent,Smith475,email475,0,0,2014/9/29/10/35/13
476,JGjh6XUp9D,2013/7/22/23/42/2,0,user476,Agent,Smith476,email476,0,0,2013/6/21/2/54/16
477,FzcQQv4Bzw,2014/11/19/0/24/26,0,user477,Agent,Smith477,email477,0,0,2014/7/25/16/58/50
478,yuH84FbYeB,2014/7/6/3/6/3,0,user478,Agent,Smith478,email478,0,0,2014/10/14/10/11/43
479,ZnALtfC742,2015/4/17/17/28/53,0,user479,Agent,Smith479,email479,0,0,2013/12/13/14/32/2
480,ZYZZFaQ4Ba,2015/8/16/17/54/48,0,user480,Agent,Smith480,email480,0,0,2013/8/12/19/7/35
481,9XbNjQCFzG,2015/8/17/3/57/29,0,user481,Agent,Smith481,email481,0,0,2014/8/28/6/27/22
482,YBBtD3RRKw,2013/8/21/4/2/38,0,user482,Agent,Smith482,email482,0,0,2015/6/19/14/46/55
483,DMRZKZuwPC,2015/3/3/7/21/44,0,user483,Agent,Smith483,email483,0,0,2014/4/4/19/13/28
484,AGzPpHMt7h,2015/11/20/2/44/8,0,user484,Agent,Smith484,email484,0,0,2014/10/22/18/47/39
485,pn8kjDXRGD,2014/7/6/9/26/34,0,user485,Agent,Smith485,email485,0,0,2014/2/19/23/59/14
486,QxusyHsYfG,2014/12/18/22/12/10,0,user486,Agent,Smith486,email486,0,0,2015/11/20/14/22/10
487,MGbHS7ub4f,2015/9/16/17/43/48,0,user487,Agent,Smith487,email487,0,0,2014/10/20/9/37/19
488,D66tWuAfRF,2015/5/6/1/18/33,0,user488,Agent,Smith488,email488,0,0,2015/11/29/10/30/21
489,TsrzTGLHU8,2015/3/8/2/38/35,0,user489,Agent,Smith489,email489,0,0,2013/5/2/17/48/45
490,cx43NE5vYp,2014/4/27/6/15/27,0,user490,Agent,Smith490,email490,0,0,2014/5/30/8/25/21
491,U6a8LyfUxL,2015/6/6/17/3/55,0,user491,Agent,Smith491,email491,0,0,2015/8/13/0/9/21
492,jCrRJQzYyX,2015/1/2/19/30/17,0,user492,Agent,Smith492,email492,0,0,2015/5/22/12/40/42
493,AFEPrLx92n,2014/9/15/15/7/58,0,user493,Agent,Smith493,email493,0,0,2014/3/17/19/40/50
494,jbFRyxDLSN,2014/11/6/3/21/37,0,user494,Agent,Smith494,email494,0,0,2015/2/15/10/49/28
495,GrgytdEFfH,2013/8/14/20/58/16,0,user495,Agent,Smith495,email495,0,0,2013/4/6/7/3/7
496,dLZ7PdG4MY,2013/1/5/2/36/39,0,user496,Agent,Smith496,email496,0,0,2015/1/25/6/6/50
497,sKVHnkhgz7,2014/12/15/7/54/44,0,user497,Agent,Smith497,email497,0,0,2013/12/28/9/18/10
498,3H9Zqd4EqK,2014/5/13/11/45/20,0,user498,Agent,Smith498,email498,0,0,2014/12/12/7/35/19
499,B4V3MekkKr,2014/10/24/18/42/4,0,user499,Agent,Smith499,email499,0,0,2014/4/8/12/54/47
500,W7UdUFfVKZ,2013/12/22/7/30/26,0,user500,Agent,Smith500,email500,0,0,2014/3/8/10/19/56
501,7UJqHrSBcV,2014/10/24/18/30/7,0,user501,Agent,Smith501,email501,0,0,2013/9/28/1/17/23
502,9tj5zPDfjF,2015/2/8/16/17/52,0,user502,Agent,Smith502,email502,0,0,2013/7/21/21/23/1
503,Uz6rLaKc4b,2013/2/5/16/54/44,0,user503,Agent,Smith503,email503,0,0,2015/2/1/20/53/32
504,C8fjD4frm3,2013/7/11/10/16/6,0,user504,Agent,Smith504,email504,0,0,2013/11/12/21/27/30
505,nAvMY9hBnk,2014/11/10/20/55/23,0,user505,Agent,Smith505,email505,0,0,2015/11/6/23/27/32
506,hC5gYq5uvk,2014/3/29/16/49/32,0,user506,Agent,Smith506,email506,0,0,2013/5/5/2/20/7
507,P6cDbQREBH,2014/7/17/21/38/19,0,user507,Agent,Smith507,email507,0,0,2015/7/26/8/53/39
508,Z5L9g59V2y,2013/10/10/5/37/25,0,user508,Agent,Smith508,email508,0,0,2013/7/24/7/34/34
509,JnA7M9J56m,2014/8/7/4/6/42,0,user509,Agent,Smith509,email509,0,0,2013/6/20/8/55/49
510,9HyY2kx4zR,2014/2/1/1/34/56,0,user510,Agent,Smith510,email510,0,0,2013/6/12/3/56/48
511,3sHgVskNr8,2015/4/21/23/16/53,0,user511,Agent,Smith511,email511,0,0,2014/12/22/0/23/0
512,qq3awUdygn,2014/2/5/10/1/4,0,user512,Agent,Smith512,email512,0,0,2014/10/16/21/58/13
513,zpM6bCLDHY,2015/5/10/9/3/41,0,user513,Agent,Smith513,email513,0,0,2015/7/2/9/41/53
514,ZGHWdnXZt3,2014/3/30/4/56/5,0,user514,Agent,Smith514,email514,0,0,2013/4/17/23/22/52
515,QdjLf2wnRr,2014/9/30/10/53/1,0,user515,Agent,Smith515,email515,0,0,2013/11/17/1/36/23
516,UBXV8MX9Ey,2014/7/9/22/6/14,0,user516,Agent,Smith516,email516,0,0,2014/7/23/7/35/47
517,nSRpWN3SZB,2015/12/22/11/5/54,0,user517,Agent,Smith517,email517,0,0,2014/5/9/18/13/9
518,5hhKJsHywN,2015/12/29/4/51/38,0,user518,Agent,Smith518,email518,0,0,2014/11/10/0/3/59
519,MqZry2WU23,2013/6/4/11/1/6,0,user519,Agent,Smith519,email519,0,0,2013/1/8/20/11/54
520,UVhGWXRSaU,2014/8/12/0/41/57,0,user520,Agent,Smith520,email520,0,0,2013/9/4/8/26/5
521,D78nZqzQsr,2013/8/2/20/3/22,0,user521,Agent,Smith521,email521,0,0,2014/3/15/20/34/23
522,fep9QstVEE,2013/7/7/10/41/42,0,user522,Agent,Smith522,email522,0,0,2013/12/2/9/19/22
523,kXaNepAj8j,2013/7/26/15/51/9,0,user523,Agent,Smith523,email523,0,0,2014/1/22/15/12/32
524,vgqXJ8rJtE,2015/2/24/0/33/50,0,user524,Agent,Smith524,email524,0,0,2014/6/1/7/53/33
525,Cg6BSE5uUg,2013/4/28/6/50/12,0,user525,Agent,Smith525,email525,0,0,2015/7/2/15/58/7
526,VLnnBUNqnN,2015/9/8/5/8/14,0,user526,Agent,Smith526,email526,0,0,2015/6/11/17/26/38
527,2553pLSv2j,2014/12/9/3/6/40,0,user527,Agent,Smith527,email527,0,0,2014/8/14/10/10/34
528,UPJdrgrFUf,2015/8/9/12/42/24,0,user528,Agent,Smith528,email528,0,0,2015/12/22/0/2/52
529,2q7UXQkWhE,2013/12/19/20/51/57,0,user529,Agent,Smith529,email529,0,0,2015/6/28/2/8/15
530,KCcwgs7cuL,2015/5/5/0/38/22,0,user530,Agent,Smith530,email530,0,0,2015/3/22/21/27/52
531,gS3XAMRyrf,2015/5/17/15/20/54,0,user531,Agent,Smith531,email531,0,0,2015/10/5/10/10/7
532,UwJBpzuQc4,2013/2/3/16/39/34,0,user532,Agent,Smith532,email532,0,0,2013/9/29/18/36/57
533,zXd4JGxUyu,2013/2/20/6/8/29,0,user533,Agent,Smith533,email533,0,0,2014/2/6/13/42/18
534,vHwtmm5xCm,2015/2/24/18/9/41,0,user534,Agent,Smith534,email534,0,0,2013/10/4/15/44/2
535,rXJWBg8Nzn,2013/4/29/17/49/49,0,user535,Agent,Smith535,email535,0,0,2013/6/6/15/21/39
536,bhhTBtmDT8,2013/3/13/6/58/29,0,user536,Agent,Smith536,email536,0,0,2015/4/13/23/19/49
537,C5QXtkPH8C,2015/3/24/23/28/20,0,user537,Agent,Smith537,email537,0,0,2014/3/18/10/37/22
538,f894jkP36s,2013/8/30/18/31/15,0,user538,Agent,Smith538,email538,0,0,2013/3/11/14/53/55
539,jUQzNPu4L4,2013/5/30/10/46/54,0,user539,Agent,Smith539,email539,0,0,2014/6/2/15/24/4
540,bjKBUXVYkm,2014/5/10/13/44/24,0,user540,Agent,Smith540,email540,0,0,2015/12/25/0/27/27
541,bwJEXxA2GR,2014/3/15/19/54/33,0,user541,Agent,Smith541,email541,0,0,2014/12/11/22/34/46
542,SfVQxtaHm3,2013/3/19/2/33/45,0,user542,Agent,Smith542,email542,0,0,2014/7/14/8/23/10
543,63VS2kncmJ,2013/10/2/6/20/19,0,user543,Agent,Smith543,email543,0,0,2015/1/15/18/3/26
544,XVgG5JyDPA,2013/7/3/9/42/41,0,user544,Agent,Smith544,email544,0,0,2015/7/13/3/13/26
545,2FCGdNySjw,2013/9/2/10/32/9,0,user545,Agent,Smith545,email545,0,0,2014/7/22/10/0/55
546,zjgfwXEXeu,2013/7/24/12/41/1,0,user546,Agent,Smith546,email546,0,0,2014/4/16/23/6/13
547,hdDhkRrMyC,2013/10/28/21/32/3,0,user547,Agent,Smith547,email547,0,0,2013/5/3/20/18/57
548,JpjVssGdSK,2014/5/27/9/11/11,0,user548,Agent,Smith548,email548,0,0,2015/5/28/10/57/56
549,WMPE83KzVG,2014/9/23/21/21/11,0,user549,Agent,Smith549,email549,0,0,2014/3/3/0/36/46
550,L5GPtQpwd2,2015/9/16/6/10/41,0,user550,Agent,Smith550,email550,0,0,2014/3/2/6/11/34
551,b8tKWpEuKf,2014/8/26/17/18/28,0,user551,Agent,Smith551,email551,0,0,2014/11/15/13/22/21
552,v8xsCBVdJA,2013/9/3/7/20/55,0,user552,Agent,Smith552,email552,0,0,2013/8/27/16/20/0
553,gds3Yssjya,2014/8/16/15/7/52,0,user553,Agent,Smith553,email553,0,0,2014/8/12/10/7/18
554,NEvEcXBgrV,2014/2/25/20/47/27,0,user554,Agent,Smith554,email554,0,0,2015/5/26/12/57/9
555,kRWuAbRF8H,2015/11/4/1/43/3,0,user555,Agent,Smith555,email555,0,0,2015/1/14/10/22/55
556,fxnsyZVVfL,2015/2/8/19/24/21,0,user556,Agent,Smith556,email556,0,0,2014/7/21/2/47/57
557,UWSkPa6gyn,2015/7/11/14/7/39,0,user557,Agent,Smith557,email557,0,0,2014/2/10/2/21/24
558,KnP5xULrfd,2013/9/12/14/29/39,0,user558,Agent,Smith558,email558,0,0,2013/5/6/2/23/2
559,YEpbRbjL6c,2013/11/11/19/4/58,0,user559,Agent,Smith559,email559,0,0,2015/4/27/16/4/10
560,m4ZTzVvCmG,2014/8/29/12/22/54,0,user560,Agent,Smith560,email560,0,0,2014/7/25/14/16/18
561,KWsnyWpbev,2014/8/22/6/38/8,0,user561,Agent,Smith561,email561,0,0,2015/3/2/18/54/34
562,PHhbKfG8mk,2013/10/13/6/58/35,0,user562,Agent,Smith562,email562,0,0,2015/3/3/16/34/31
563,7h995JPEzx,2013/3/30/19/54/23,0,user563,Agent,Smith563,email563,0,0,2015/7/3/13/14/12
564,cBGT2ZSSdZ,2014/7/5/10/24/41,0,user564,Agent,Smith564,email564,0,0,2014/8/5/4/16/44
565,39BsqzUDaA,2015/11/5/4/56/15,0,user565,Agent,Smith565,email565,0,0,2015/12/6/18/59/37
566,Q3rWzY5DhG,2015/8/29/3/49/42,0,user566,Agent,Smith566,email566,0,0,2014/8/21/15/28/57
567,K2CnPw8mSa,2014/7/9/23/28/19,0,user567,Agent,Smith567,email567,0,0,2013/4/2/2/4/28
568,vrFRPG8tF6,2014/8/2/11/18/12,0,user568,Agent,Smith568,email568,0,0,2013/10/26/11/33/3
569,4dYP56aU9y,2014/5/1/4/47/57,0,user569,Agent,Smith569,email569,0,0,2015/5/29/5/58/10
570,74xjwNAtXk,2014/3/13/19/2/35,0,user570,Agent,Smith570,email570,0,0,2015/6/7/5/27/39
571,APXAyMGWKV,2015/5/1/2/52/0,0,user571,Agent,Smith571,email571,0,0,2014/3/7/13/14/36
572,gSPkA6rC55,2013/6/26/19/41/46,0,user572,Agent,Smith572,email572,0,0,2013/11/21/7/22/31
573,7hdjejaBm4,2013/5/15/19/49/16,0,user573,Agent,Smith573,email573,0,0,2014/7/4/20/53/4
574,vm9tMBKdt3,2014/1/27/20/8/25,0,user574,Agent,Smith574,email574,0,0,2014/5/18/15/36/27
575,8nJ5Yjmtzx,2013/12/10/15/17/47,0,user575,Agent,Smith575,email575,0,0,2014/11/27/9/32/27
576,FYU6MBY7nJ,2014/3/28/8/39/6,0,user576,Agent,Smith576,email576,0,0,2014/2/1/19/51/34
577,uxc5vc4rGP,2013/1/5/11/48/12,0,user577,Agent,Smith577,email577,0,0,2015/12/29/13/3/45
578,4SR55XW84e,2015/6/12/9/19/22,0,user578,Agent,Smith578,email578,0,0,2015/1/25/7/35/40
579,yuBdTV4YJL,2015/6/16/22/36/7,0,user579,Agent,Smith579,email579,0,0,2015/2/23/5/32/55
580,t5Sbf2UkFv,2014/10/3/16/6/24,0,user580,Agent,Smith580,email580,0,0,2014/11/30/14/27/1
581,hQE4vG4fqh,2013/6/11/14/25/52,0,user581,Agent,Smith581,email581,0,0,2013/3/16/4/49/39
582,zpUckWP6kC,2013/12/18/10/29/46,0,user582,Agent,Smith582,email582,0,0,2013/11/21/23/30/12
583,PL8hwSQC7g,2013/9/6/11/55/51,0,user583,Agent,Smith583,email583,0,0,2013/11/26/15/45/43
584,qV2rywEhcT,2014/12/20/12/46/39,0,user584,Agent,Smith584,email584,0,0,2015/12/18/18/9/48
585,vbf8G2N2zs,2013/4/9/16/40/35,0,user585,Agent,Smith585,email585,0,0,2014/5/18/17/23/43
586,rG8sXg5BTA,2013/8/5/0/7/56,0,user586,Agent,Smith586,email586,0,0,2014/7/27/13/17/50
587,P78F58M8t3,2014/1/27/9/30/50,0,user587,Agent,Smith587,email587,0,0,2014/12/27/20/0/28
588,hL6MXUts77,2015/10/16/17/18/29,0,user588,Agent,Smith588,email588,0,0,2014/10/12/22/40/39
589,43wWyQeAYp,2013/1/15/22/15/33,0,user589,Agent,Smith589,email589,0,0,2014/9/13/0/19/48
590,aCaT2ttEhQ,2014/2/28/18/11/0,0,user590,Agent,Smith590,email590,0,0,2013/4/2/14/13/57
591,KgKGHBX5cb,2014/3/25/9/51/28,0,user591,Agent,Smith591,email591,0,0,2013/5/23/13/22/14
592,3LDJZgfuVx,2014/4/17/23/23/4,0,user592,Agent,Smith592,email592,0,0,2014/12/22/2/4/30
593,PnB8RS8LU5,2013/8/28/19/43/47,0,user593,Agent,Smith593,email593,0,0,2013/8/3/7/3/13
594,uM7GPrKL8k,2015/2/15/11/34/45,0,user594,Agent,Smith594,email594,0,0,2013/10/14/13/1/55
595,QELZxwzExW,2014/8/3/18/34/38,0,user595,Agent,Smith595,email595,0,0,2014/7/14/2/11/54
596,HjnLPKJNpC,2015/1/25/13/9/23,0,user596,Agent,Smith596,email596,0,0,2013/3/10/0/21/30
597,TKzQMErzHV,2014/9/11/20/21/2,0,user597,Agent,Smith597,email597,0,0,2014/5/27/5/24/35
598,JfPRUuHhs6,2015/12/9/12/29/49,0,user598,Agent,Smith598,email598,0,0,2013/5/21/8/28/18
599,TTXQ9FxnDh,2014/10/24/3/6/24,0,user599,Agent,Smith599,email599,0,0,2014/5/25/9/42/30
600,HM5QLPp6HB,2014/3/1/7/56/13,0,user600,Agent,Smith600,email600,0,0,2014/6/9/20/56/40
601,NFXjqACkBk,2013/7/8/16/54/41,0,user601,Agent,Smith601,email601,0,0,2015/9/19/10/40/59
602,cXRexF2FzC,2015/11/20/11/1/28,0,user602,Agent,Smith602,email602,0,0,2014/8/15/14/8/15
603,gNc3j2MraJ,2013/6/26/23/23/37,0,user603,Agent,Smith603,email603,0,0,2014/12/18/22/1/23
604,AKjt6k7tX9,2013/5/19/8/27/18,0,user604,Agent,Smith604,email604,0,0,2015/11/17/8/16/11
605,5Mr9nUJn6t,2014/6/22/8/21/58,0,user605,Agent,Smith605,email605,0,0,2015/2/14/14/45/43
606,8vJzM8PvZA,2013/7/17/9/24/47,0,user606,Agent,Smith606,email606,0,0,2013/12/21/23/56/55
607,N3RLmcgJ2x,2014/7/29/18/36/9,0,user607,Agent,Smith607,email607,0,0,2014/1/1/2/6/24
608,92uFsjgmvN,2014/10/8/17/39/27,0,user608,Agent,Smith608,email608,0,0,2014/7/16/3/3/31
609,UVR8sG6RhB,2015/7/2/5/39/0,0,user609,Agent,Smith609,email609,0,0,2015/12/5/5/45/11
610,6RABaD7JAD,2014/10/9/3/36/16,0,user610,Agent,Smith610,email610,0,0,2015/2/11/23/49/27
611,gbB3B9mSwr,2014/8/22/6/40/59,0,user611,Agent,Smith611,email611,0,0,2015/6/24/2/40/48
612,zyf2JFHkRB,2013/8/13/18/10/31,0,user612,Agent,Smith612,email612,0,0,2013/1/29/7/4/58
613,vtHYRbYBuW,2015/2/17/7/36/29,0,user613,Agent,Smith613,email613,0,0,2013/12/7/17/43/11
614,SGWHLfJxfA,2014/5/21/20/58/29,0,user614,Agent,Smith614,email614,0,0,2015/7/7/5/16/16
615,GcRGWATf2E,2014/9/5/6/24/3,0,user615,Agent,Smith615,email615,0,0,2014/11/4/8/58/37
616,s98N8eGqgM,2014/4/21/19/59/8,0,user616,Agent,Smith616,email616,0,0,2013/10/20/2/47/9
617,KpRbhxecEN,2015/3/18/22/16/49,0,user617,Agent,Smith617,email617,0,0,2015/2/13/4/31/26
618,h6bg34BfHf,2013/6/14/2/52/27,0,user618,Agent,Smith618,email618,0,0,2013/11/1/7/36/1
619,ABCazHVCGW,2013/8/3/6/7/35,0,user619,Agent,Smith619,email619,0,0,2014/11/19/10/35/13
620,GMuWFyrT8Z,2014/8/24/6/2/40,0,user620,Agent,Smith620,email620,0,0,2014/11/13/16/34/16
621,b6Zpf97hNH,2013/9/6/19/49/31,0,user621,Agent,Smith621,email621,0,0,2014/3/8/11/11/25
622,EhzfJv9xev,2013/6/30/19/9/52,0,user622,Agent,Smith622,email622,0,0,2014/10/25/4/33/33
623,4aWdsaNnTz,2014/2/27/13/27/34,0,user623,Agent,Smith623,email623,0,0,2014/9/2/6/20/39
624,V36ARPftg7,2014/9/10/9/37/53,0,user624,Agent,Smith624,email624,0,0,2013/2/16/18/9/1
625,JVkgcjLhLh,2013/8/19/4/54/57,0,user625,Agent,Smith625,email625,0,0,2015/9/23/3/40/15
626,DwWLvzRD8L,2014/5/14/1/33/23,0,user626,Agent,Smith626,email626,0,0,2013/9/12/16/15/9
627,N2EkzsuWU3,2013/10/12/22/9/48,0,user627,Agent,Smith627,email627,0,0,2013/11/29/8/44/15
628,BuWhA295tC,2015/8/12/4/45/34,0,user628,Agent,Smith628,email628,0,0,2013/7/20/0/29/37
629,V7dWMVS9Mm,2015/12/1/14/20/35,0,user629,Agent,Smith629,email629,0,0,2014/12/20/9/59/6
630,cCCZ3fGBbU,2013/11/24/6/18/4,0,user630,Agent,Smith630,email630,0,0,2013/12/20/19/18/27
631,wBuPtZvNWz,2013/7/9/5/57/59,0,user631,Agent,Smith631,email631,0,0,2015/5/21/6/34/35
632,ykSrrruhGv,2015/2/4/14/31/42,0,user632,Agent,Smith632,email632,0,0,2014/7/28/10/33/40
633,pyRnDH6qnB,2013/4/25/13/59/14,0,user633,Agent,Smith633,email633,0,0,2013/5/5/23/49/13
634,m8jNy4KV7h,2013/5/11/5/3/5,0,user634,Agent,Smith634,email634,0,0,2013/3/14/16/1/19
635,dARcNQv4DK,2015/9/15/9/50/52,0,user635,Agent,Smith635,email635,0,0,2013/9/17/21/51/23
636,6gNYgTmq9R,2013/2/22/23/36/32,0,user636,Agent,Smith636,email636,0,0,2015/5/24/21/29/12
637,DdcqaHCCDV,2015/9/19/22/57/52,0,user637,Agent,Smith637,email637,0,0,2013/11/8/0/59/39
638,JvSWVKeEQF,2014/2/8/2/47/11,0,user638,Agent,Smith638,email638,0,0,2013/12/22/15/1/16
639,GLwpG7CBgD,2015/5/20/4/54/20,0,user639,Agent,Smith639,email639,0,0,2014/10/30/0/47/25
640,MbJj5H3WQf,2015/2/20/14/23/33,0,user640,Agent,Smith640,email640,0,0,2013/10/27/4/9/55
641,4jDPBXMUSv,2015/9/26/6/38/11,0,user641,Agent,Smith641,email641,0,0,2013/3/1/8/11/47
642,BAhHZHvLJ6,2014/8/28/12/2/49,0,user642,Agent,Smith642,email642,0,0,2014/4/3/15/55/46
643,7rqWZZ9K4P,2014/6/22/4/36/54,0,user643,Agent,Smith643,email643,0,0,2013/12/29/16/18/42
644,DsrCzqjEys,2015/12/20/7/52/23,0,user644,Agent,Smith644,email644,0,0,2015/3/26/13/3/42
645,jfpbW6rdLg,2014/12/16/19/59/36,0,user645,Agent,Smith645,email645,0,0,2013/9/7/6/27/55
646,b9vBs4Qmrq,2013/12/8/8/3/16,0,user646,Agent,Smith646,email646,0,0,2015/9/25/20/41/35
647,euHHbffKSg,2014/3/14/15/5/58,0,user647,Agent,Smith647,email647,0,0,2014/2/6/9/28/22
648,hgDkNkkKNr,2013/6/30/17/16/7,0,user648,Agent,Smith648,email648,0,0,2015/1/18/5/28/15
649,Pu8UdaRvRZ,2014/2/16/0/44/24,0,user649,Agent,Smith649,email649,0,0,2015/3/27/5/9/40
650,SXEtGsQvD7,2014/6/28/18/26/37,0,user650,Agent,Smith650,email650,0,0,2013/4/3/12/12/12
651,SnnjtLhvDs,2013/5/4/18/14/36,0,user651,Agent,Smith651,email651,0,0,2013/8/10/4/14/25
652,hJxqyNELUr,2014/3/7/12/56/36,0,user652,Agent,Smith652,email652,0,0,2013/9/21/9/40/38
653,qFZDCDV9dy,2013/7/3/23/56/26,0,user653,Agent,Smith653,email653,0,0,2015/5/18/13/21/48
654,9Z7HjKwwW3,2013/11/6/18/31/34,0,user654,Agent,Smith654,email654,0,0,2014/12/15/8/15/36
655,gsqWcsVKxp,2013/6/6/7/16/23,0,user655,Agent,Smith655,email655,0,0,2014/2/22/1/30/34
656,Hsn5zabRnq,2014/2/2/16/21/42,0,user656,Agent,Smith656,email656,0,0,2014/4/21/10/45/26
657,PYEpKnx8Sx,2013/11/21/22/26/31,0,user657,Agent,Smith657,email657,0,0,2015/7/10/4/11/3
658,55e2SvJY3a,2014/10/22/19/20/5,0,user658,Agent,Smith658,email658,0,0,2015/12/20/21/45/19
659,AG74pmr4ZS,2015/1/5/15/18/44,0,user659,Agent,Smith659,email659,0,0,2013/6/7/8/13/51
660,smW2YZeqpX,2015/6/1/6/23/47,0,user660,Agent,Smith660,email660,0,0,2015/8/29/13/28/39
661,mUfwGneSFP,2014/1/2/16/50/3,0,user661,Agent,Smith661,email661,0,0,2014/6/11/11/44/53
662,xgDhRMvWq3,2013/11/5/16/31/16,0,user662,Agent,Smith662,email662,0,0,2015/3/26/10/51/0
663,EYfYQhbUA8,2014/11/14/9/40/32,0,user663,Agent,Smith663,email663,0,0,2015/4/5/1/21/43
664,8V4d2RqRJp,2013/9/25/18/43/48,0,user664,Agent,Smith664,email664,0,0,2015/12/20/8/28/49
665,TpcCRACWxc,2015/4/8/4/20/23,0,user665,Agent,Smith665,email665,0,0,2013/2/26/5/41/38
666,Ag99dM2XCd,2014/8/6/11/14/29,0,user666,Agent,Smith666,email666,0,0,2014/10/2/19/7/3
667,PkwNwGxU3K,2015/3/22/9/30/21,0,user667,Agent,Smith667,email667,0,0,2014/4/13/12/13/3
668,pxKJjdnCKT,2014/8/24/20/48/0,0,user668,Agent,Smith668,email668,0,0,2015/5/26/1/39/12
669,b66jHaxWV4,2014/3/16/3/47/51,0,user669,Agent,Smith669,email669,0,0,2014/1/21/4/49/7
670,rKbVG2xnJW,2013/3/20/2/39/11,0,user670,Agent,Smith670,email670,0,0,2013/6/19/13/7/51
671,vffcXZTewS,2014/6/17/3/15/33,0,user671,Agent,Smith671,email671,0,0,2014/7/11/16/17/8
672,TnhstPdV8N,2015/6/7/12/56/32,0,user672,Agent,Smith672,email672,0,0,2013/8/23/5/58/23
673,NXPARcsjRb,2014/7/13/13/54/51,0,user673,Agent,Smith673,email673,0,0,2014/9/22/0/15/44
674,vpnzK67CkM,2014/6/5/7/54/50,0,user674,Agent,Smith674,email674,0,0,2013/10/8/21/49/33
675,EMVtzLNYm8,2013/6/27/16/21/21,0,user675,Agent,Smith675,email675,0,0,2014/1/12/8/31/26
676,bt3vj5LT3b,2015/11/16/14/17/46,0,user676,Agent,Smith676,email676,0,0,2015/12/9/0/58/26
677,uNdWTcFRnt,2015/3/20/1/42/16,0,user677,Agent,Smith677,email677,0,0,2013/6/29/14/42/52
678,AtpsnC4x6F,2015/3/3/5/55/7,0,user678,Agent,Smith678,email678,0,0,2013/6/30/21/15/39
679,b8uEs4gS2v,2015/2/17/2/22/54,0,user679,Agent,Smith679,email679,0,0,2015/12/21/4/9/50
680,kt8YK6TG5D,2014/9/30/16/21/45,0,user680,Agent,Smith680,email680,0,0,2014/7/1/8/11/8
681,BL2BZCQY94,2015/3/14/20/35/42,0,user681,Agent,Smith681,email681,0,0,2013/11/20/11/14/58
682,u4ksJwqp24,2015/10/26/18/31/14,0,user682,Agent,Smith682,email682,0,0,2014/7/24/6/34/20
683,E3D5geRz77,2014/7/6/16/49/28,0,user683,Agent,Smith683,email683,0,0,2014/7/19/16/44/41
684,2AdLt7nRCg,2013/7/19/18/27/42,0,user684,Agent,Smith684,email684,0,0,2014/5/26/10/45/15
685,yCeAKbR76R,2014/5/12/19/23/29,0,user685,Agent,Smith685,email685,0,0,2014/2/11/16/17/52
686,YKAYuVuhhe,2015/7/1/7/46/1,0,user686,Agent,Smith686,email686,0,0,2014/8/30/13/57/24
687,tuV5LHz5gg,2013/4/22/9/17/53,0,user687,Agent,Smith687,email687,0,0,2013/9/13/10/15/23
688,s3t3J7yV3M,2014/1/10/13/44/5,0,user688,Agent,Smith688,email688,0,0,2015/12/1/9/4/48
689,KBfjNDUaay,2015/11/27/21/3/39,0,user689,Agent,Smith689,email689,0,0,2015/9/24/17/8/24
690,La6sDRQ3Zu,2014/6/2/3/46/0,0,user690,Agent,Smith690,email690,0,0,2015/3/5/23/29/24
691,wB87ctYmsh,2015/7/23/21/10/5,0,user691,Agent,Smith691,email691,0,0,2013/3/7/7/49/22
692,UNFCvuDcvK,2014/11/14/3/1/53,0,user692,Agent,Smith692,email692,0,0,2015/7/6/10/44/5
693,HLZNumCsnS,2014/3/5/7/17/6,0,user693,Agent,Smith693,email693,0,0,2013/1/13/21/14/14
694,d3x9wafhZj,2015/10/23/7/17/59,0,user694,Agent,Smith694,email694,0,0,2014/2/19/1/29/1
695,UECbzuuj94,2014/2/7/2/43/24,0,user695,Agent,Smith695,email695,0,0,2014/7/29/10/55/2
696,X5JqZVAqAx,2013/11/26/3/6/6,0,user696,Agent,Smith696,email696,0,0,2013/6/7/10/32/14
697,q549nb2AGY,2015/10/27/20/7/37,0,user697,Agent,Smith697,email697,0,0,2014/7/9/1/2/49
698,GSjDNputGe,2013/10/30/15/10/19,0,user698,Agent,Smith698,email698,0,0,2014/12/3/15/25/9
699,FXLDUZRrfY,2013/7/22/18/37/18,0,user699,Agent,Smith699,email699,0,0,2015/11/6/1/15/48
700,Eq2qLCFLA8,2014/11/15/13/59/2,0,user700,Agent,Smith700,email700,0,0,2014/7/7/5/29/40
701,H6VkBpgLaD,2015/11/24/3/9/55,0,user701,Agent,Smith701,email701,0,0,2015/11/9/13/57/44
702,CS2AL9D45f,2013/1/22/11/29/36,0,user702,Agent,Smith702,email702,0,0,2013/1/8/5/9/0
703,qRqu76KFcd,2015/6/2/4/19/11,0,user703,Agent,Smith703,email703,0,0,2014/3/27/8/20/56
704,n6X4PWaN4W,2013/3/2/1/28/13,0,user704,Agent,Smith704,email704,0,0,2014/11/8/1/30/41
705,VAu4dxgRkQ,2015/3/1/20/51/26,0,user705,Agent,Smith705,email705,0,0,2013/1/20/14/35/27
706,mrFuXtaXGF,2014/11/5/21/0/51,0,user706,Agent,Smith706,email706,0,0,2014/7/27/2/28/30
707,pvcutV75CH,2015/7/21/12/4/55,0,user707,Agent,Smith707,email707,0,0,2015/12/21/6/59/1
708,LPaHbxzaTJ,2015/10/28/4/43/13,0,user708,Agent,Smith708,email708,0,0,2014/5/26/3/33/48
709,z5VEQLdEVZ,2014/7/24/21/34/8,0,user709,Agent,Smith709,email709,0,0,2015/5/27/13/56/4
710,U2RFmaT3Kq,2014/2/12/12/34/50,0,user710,Agent,Smith710,email710,0,0,2015/6/11/21/18/25
711,tdFvcSP7bz,2013/7/1/6/58/14,0,user711,Agent,Smith711,email711,0,0,2013/9/10/9/54/27
712,rExRSdyDUD,2013/10/22/11/17/46,0,user712,Agent,Smith712,email712,0,0,2014/1/20/17/0/57
713,5JjPhwCZHA,2015/2/20/13/23/34,0,user713,Agent,Smith713,email713,0,0,2014/5/26/23/56/29
714,4XwpyLkb6x,2014/2/17/23/53/36,0,user714,Agent,Smith714,email714,0,0,2014/4/2/11/4/45
715,fpdEVFAYPb,2015/3/11/12/46/2,0,user715,Agent,Smith715,email715,0,0,2014/12/28/18/36/20
716,NMUD6nRuS5,2014/12/2/15/23/21,0,user716,Agent,Smith716,email716,0,0,2015/3/28/21/14/41
717,xQsnPbpTMc,2013/10/16/21/55/36,0,user717,Agent,Smith717,email717,0,0,2013/2/2/17/26/43
718,zskwcDHwpx,2013/8/18/18/19/1,0,user718,Agent,Smith718,email718,0,0,2014/2/12/10/47/58
719,sEuh8TY54a,2014/1/15/6/26/2,0,user719,Agent,Smith719,email719,0,0,2013/8/9/20/14/8
720,87gJZqWmPf,2013/11/3/8/50/25,0,user720,Agent,Smith720,email720,0,0,2015/1/12/9/41/15
721,t6Hvu85hHC,2013/8/22/9/26/35,0,user721,Agent,Smith721,email721,0,0,2014/6/20/20/37/20
722,BmGsMB4prc,2015/11/5/20/14/48,0,user722,Agent,Smith722,email722,0,0,2013/7/14/13/33/33
723,p88bzkQn96,2014/10/14/22/58/48,0,user723,Agent,Smith723,email723,0,0,2015/11/23/11/45/48
724,pZueHqA47R,2015/3/18/3/25/31,0,user724,Agent,Smith724,email724,0,0,2015/4/1/12/35/54
725,fdDhgjKSjv,2013/8/3/16/11/47,0,user725,Agent,Smith725,email725,0,0,2013/6/11/21/52/33
726,mSRenpdWK4,2013/12/13/3/7/23,0,user726,Agent,Smith726,email726,0,0,2014/9/9/18/57/2
727,Kdp6CCa2JZ,2013/2/27/21/8/50,0,user727,Agent,Smith727,email727,0,0,2014/8/14/9/56/21
728,UuPvpEY3qE,2013/5/13/3/57/53,0,user728,Agent,Smith728,email728,0,0,2014/11/5/11/43/59
729,GbmFZDdCbR,2013/11/21/5/44/8,0,user729,Agent,Smith729,email729,0,0,2013/9/20/16/39/52
730,fQe7dW7mFN,2015/9/16/0/10/0,0,user730,Agent,Smith730,email730,0,0,2014/10/28/18/38/45
731,KP3sc499ap,2014/9/9/4/37/38,0,user731,Agent,Smith731,email731,0,0,2015/4/28/13/8/24
732,uAGnVYarMw,2015/1/1/3/18/36,0,user732,Agent,Smith732,email732,0,0,2015/10/9/6/13/12
733,FdXwnBNHsZ,2014/2/3/15/0/11,0,user733,Agent,Smith733,email733,0,0,2014/9/14/22/59/43
734,NARPZfRFdG,2015/4/20/17/42/45,0,user734,Agent,Smith734,email734,0,0,2015/8/19/14/16/33
735,nCt93zvV9N,2013/3/6/20/53/30,0,user735,Agent,Smith735,email735,0,0,2013/8/15/18/37/37
736,WBgRWfFMuy,2014/8/10/22/19/37,0,user736,Agent,Smith736,email736,0,0,2015/3/8/17/28/18
737,ZhGQWWUqKq,2015/10/18/2/0/12,0,user737,Agent,Smith737,email737,0,0,2015/10/13/5/28/43
738,c5jvatEnSA,2013/11/27/14/30/15,0,user738,Agent,Smith738,email738,0,0,2015/6/18/19/8/28
739,x3YCC8UdDm,2014/8/30/10/29/45,0,user739,Agent,Smith739,email739,0,0,2014/8/2/10/37/19
740,GuR3TkdS2U,2015/3/5/22/32/24,0,user740,Agent,Smith740,email740,0,0,2013/7/19/17/15/16
741,z9rVS6V9YN,2015/6/5/1/58/59,0,user741,Agent,Smith741,email741,0,0,2015/12/1/17/39/53
742,mgVwJxndwe,2013/3/16/15/53/59,0,user742,Agent,Smith742,email742,0,0,2014/7/14/16/6/28
743,dY99axndKE,2014/1/18/23/48/15,0,user743,Agent,Smith743,email743,0,0,2013/5/27/1/32/18
744,td5TCyyKNG,2013/5/20/0/3/10,0,user744,Agent,Smith744,email744,0,0,2014/8/17/12/28/41
745,x6LLhukQWK,2015/5/23/5/43/28,0,user745,Agent,Smith745,email745,0,0,2014/4/2/16/13/39
746,sMwrRFKMCD,2015/9/22/14/9/14,0,user746,Agent,Smith746,email746,0,0,2014/8/12/14/19/41
747,Hfwb3S4M3a,2015/3/16/19/7/13,0,user747,Agent,Smith747,email747,0,0,2015/1/12/9/28/9
748,5vaCk2tgLJ,2015/1/1/14/48/52,0,user748,Agent,Smith748,email748,0,0,2015/2/20/3/1/12
749,QutqMheNVb,2013/9/6/8/53/2,0,user749,Agent,Smith749,email749,0,0,2013/3/18/2/45/45
750,ukJNgUSsA4,2014/1/20/13/22/14,0,user750,Agent,Smith750,email750,0,0,2013/12/6/13/56/25
751,AkeT5V347t,2013/8/16/6/51/12,0,user751,Agent,Smith751,email751,0,0,2013/10/14/19/24/26
752,Xm4CBm84wy,2015/7/3/15/30/30,0,user752,Agent,Smith752,email752,0,0,2013/3/9/5/0/47
753,BWbZFHtAmt,2013/6/21/23/26/29,0,user753,Agent,Smith753,email753,0,0,2013/8/30/8/19/59
754,bMuvjQyBTY,2015/9/7/15/44/2,0,user754,Agent,Smith754,email754,0,0,2014/11/28/3/27/49
755,gxQ2JGuXQB,2013/10/15/1/53/3,0,user755,Agent,Smith755,email755,0,0,2015/4/21/0/38/15
756,QUxaCrS4tR,2014/1/7/6/59/33,0,user756,Agent,Smith756,email756,0,0,2015/8/23/20/1/14
757,FGrtMvNe8c,2014/10/11/1/11/16,0,user757,Agent,Smith757,email757,0,0,2014/12/12/20/43/25
758,wcBnRMn8aY,2013/10/10/20/6/27,0,user758,Agent,Smith758,email758,0,0,2013/2/4/2/5/33
759,6gwGzq2PEQ,2013/1/13/2/54/3,0,user759,Agent,Smith759,email759,0,0,2015/1/2/17/41/18
760,UJ2rCS4aAD,2015/1/1/6/39/25,0,user760,Agent,Smith760,email760,0,0,2013/3/28/12/19/12
761,ec9MTMmsf9,2013/2/9/2/25/28,0,user761,Agent,Smith761,email761,0,0,2015/5/19/16/27/13
762,zcXD56dRxf,2014/4/1/4/18/20,0,user762,Agent,Smith762,email762,0,0,2014/7/4/20/31/2
763,6spU2qddrR,2014/4/21/8/2/43,0,user763,Agent,Smith763,email763,0,0,2014/10/15/12/4/34
764,QmjAP5Z2w7,2015/2/24/21/15/24,0,user764,Agent,Smith764,email764,0,0,2014/5/12/10/43/58
765,ZB7Z3GVjqc,2015/8/16/6/33/31,0,user765,Agent,Smith765,email765,0,0,2013/12/6/17/42/8
766,tpGwqkB7DS,2013/4/10/7/8/44,0,user766,Agent,Smith766,email766,0,0,2014/8/14/6/14/16
767,5CErB5JJKs,2013/5/7/8/29/16,0,user767,Agent,Smith767,email767,0,0,2013/9/14/17/2/47
768,uL3NPuYQwu,2013/8/18/8/38/35,0,user768,Agent,Smith768,email768,0,0,2014/10/30/17/45/37
769,Q5kTCJn5kx,2014/1/24/11/42/15,0,user769,Agent,Smith769,email769,0,0,2015/6/29/6/27/17
770,YRaJt9fp2M,2014/9/25/12/42/33,0,user770,Agent,Smith770,email770,0,0,2015/8/1/0/6/25
771,8fpTGEt9xy,2015/8/5/5/11/21,0,user771,Agent,Smith771,email771,0,0,2015/8/4/23/6/28
772,4QYKk36juH,2015/4/11/15/4/41,0,user772,Agent,Smith772,email772,0,0,2014/3/17/1/54/30
773,Q9WWuwtUTc,2015/12/28/14/20/9,0,user773,Agent,Smith773,email773,0,0,2014/4/10/18/42/28
774,uuubBDEFzj,2015/2/8/8/55/5,0,user774,Agent,Smith774,email774,0,0,2015/4/15/15/27/16
775,HcU4DDsydV,2014/12/22/1/29/45,0,user775,Agent,Smith775,email775,0,0,2013/4/29/23/59/34
776,mj7Dyf5fvn,2013/7/5/6/19/37,0,user776,Agent,Smith776,email776,0,0,2013/3/24/0/40/42
777,zZr5j85U7S,2015/4/11/21/50/15,0,user777,Agent,Smith777,email777,0,0,2013/1/4/18/44/20
778,SYZ6keeTqz,2013/10/8/10/43/29,0,user778,Agent,Smith778,email778,0,0,2015/7/16/20/57/50
779,uVEmvTXFnG,2015/1/19/6/20/15,0,user779,Agent,Smith779,email779,0,0,2014/7/28/2/25/44
780,uebBMq5kaQ,2014/2/20/3/33/56,0,user780,Agent,Smith780,email780,0,0,2013/7/6/16/46/51
781,ftbc4VYzeU,2013/12/29/15/23/47,0,user781,Agent,Smith781,email781,0,0,2014/6/6/14/18/18
782,wJkR49uQdB,2013/9/8/19/18/22,0,user782,Agent,Smith782,email782,0,0,2014/12/27/9/21/30
783,F5wqYwDvHf,2013/1/29/0/53/32,0,user783,Agent,Smith783,email783,0,0,2014/3/3/12/53/16
784,EGgyw86y9t,2013/5/30/6/14/48,0,user784,Agent,Smith784,email784,0,0,2013/10/6/1/21/36
785,KzjnvK8LQ3,2013/7/4/7/50/26,0,user785,Agent,Smith785,email785,0,0,2014/6/12/18/3/25
786,3YXManeQLj,2014/8/30/13/9/40,0,user786,Agent,Smith786,email786,0,0,2014/9/17/3/0/4
787,B7kTYNmXCr,2013/4/14/13/58/29,0,user787,Agent,Smith787,email787,0,0,2013/6/3/11/32/37
788,HWW6GrX2aM,2014/4/27/15/35/51,0,user788,Agent,Smith788,email788,0,0,2014/4/22/13/43/49
789,mGUr3sLx4J,2015/7/2/20/46/25,0,user789,Agent,Smith789,email789,0,0,2013/11/10/19/38/37
790,3bAUz8FxEd,2014/7/1/8/15/23,0,user790,Agent,Smith790,email790,0,0,2013/5/15/4/25/58
791,JG3pK43t4d,2015/10/2/17/44/48,0,user791,Agent,Smith791,email791,0,0,2014/12/30/8/56/57
792,f78FrnAdPu,2014/11/1/13/25/38,0,user792,Agent,Smith792,email792,0,0,2013/3/4/0/27/34
793,fAYX3gRTMg,2013/4/17/22/40/59,0,user793,Agent,Smith793,email793,0,0,2013/11/3/19/11/23
794,Mvp7E2fCx6,2013/1/25/7/1/16,0,user794,Agent,Smith794,email794,0,0,2014/7/9/22/4/16
795,yHwLhPgGxV,2013/1/18/1/38/59,0,user795,Agent,Smith795,email795,0,0,2014/12/21/20/35/10
796,JA8XqXMhVJ,2014/1/27/11/44/6,0,user796,Agent,Smith796,email796,0,0,2015/8/13/21/8/4
797,X2G6vn9w9w,2013/10/3/23/37/22,0,user797,Agent,Smith797,email797,0,0,2013/5/2/10/32/23
798,psXs9hreRV,2013/3/29/22/34/16,0,user798,Agent,Smith798,email798,0,0,2013/12/2/9/38/6
799,sYLjTVNUwP,2013/7/19/9/14/58,0,user799,Agent,Smith799,email799,0,0,2014/5/27/2/57/29
800,uK5awnPNbN,2015/5/21/4/24/56,0,user800,Agent,Smith800,email800,0,0,2014/12/6/19/59/37
801,tqeBLzpv4E,2014/6/25/16/26/15,0,user801,Agent,Smith801,email801,0,0,2013/3/15/22/47/6
802,PX3Pxxz6uS,2013/8/17/22/17/15,0,user802,Agent,Smith802,email802,0,0,2014/5/29/1/43/41
803,S9eVaqD86D,2015/12/22/14/55/23,0,user803,Agent,Smith803,email803,0,0,2014/1/20/1/3/37
804,H3hmaY2RKe,2015/1/1/4/30/11,0,user804,Agent,Smith804,email804,0,0,2013/1/13/19/44/29
805,q9RbjqPuy7,2014/2/14/3/32/53,0,user805,Agent,Smith805,email805,0,0,2013/6/28/10/13/59
806,aFD7gDWAmf,2014/5/4/7/56/9,0,user806,Agent,Smith806,email806,0,0,2013/10/21/15/40/56
807,UATPrc3Nsx,2015/7/28/8/10/47,0,user807,Agent,Smith807,email807,0,0,2014/7/21/16/13/46
808,WeyfdqfrdA,2013/9/30/16/53/14,0,user808,Agent,Smith808,email808,0,0,2015/7/14/16/4/10
809,HhUGET8LEj,2015/10/17/5/50/46,0,user809,Agent,Smith809,email809,0,0,2015/4/13/23/22/55
810,CVSdjKZt3w,2014/6/7/18/58/26,0,user810,Agent,Smith810,email810,0,0,2015/10/12/4/50/19
811,WE8S4gwNas,2014/9/3/16/51/28,0,user811,Agent,Smith811,email811,0,0,2013/3/7/18/52/50
812,YZWCmrkcL3,2015/2/22/16/44/1,0,user812,Agent,Smith812,email812,0,0,2014/8/22/3/52/38
813,nnrpRvcd3k,2014/7/7/2/53/47,0,user813,Agent,Smith813,email813,0,0,2013/2/25/3/33/39
814,RZMb6kFjFp,2014/11/26/20/46/24,0,user814,Agent,Smith814,email814,0,0,2015/1/19/15/34/37
815,bHkvWsGJDk,2014/7/11/6/30/34,0,user815,Agent,Smith815,email815,0,0,2013/1/23/14/46/54
816,fxYmq4qpbw,2013/6/5/4/49/5,0,user816,Agent,Smith816,email816,0,0,2015/7/13/11/51/49
817,pGY8fsNqwP,2014/1/13/22/24/20,0,user817,Agent,Smith817,email817,0,0,2014/2/4/9/19/31
818,GA9f7p45ds,2013/11/13/22/24/58,0,user818,Agent,Smith818,email818,0,0,2014/7/4/6/14/8
819,JchfusvfPb,2013/10/13/18/8/15,0,user819,Agent,Smith819,email819,0,0,2015/8/20/1/18/55
820,UeY4WfU4UE,2014/5/11/21/24/12,0,user820,Agent,Smith820,email820,0,0,2013/11/8/15/46/35
821,9fdb8w4bT4,2014/2/4/4/56/38,0,user821,Agent,Smith821,email821,0,0,2015/4/28/2/19/18
822,FsStFrXxzK,2015/6/16/21/22/1,0,user822,Agent,Smith822,email822,0,0,2013/7/9/23/23/54
823,ZqK7RpdKHK,2015/3/30/19/21/46,0,user823,Agent,Smith823,email823,0,0,2013/11/9/1/39/43
824,EHMY5RepfT,2015/10/23/20/46/13,0,user824,Agent,Smith824,email824,0,0,2014/2/30/3/37/37
825,9Zj3BVfEcY,2013/6/26/4/49/25,0,user825,Agent,Smith825,email825,0,0,2013/6/12/5/28/30
826,A9ZsYjscy8,2014/12/5/9/19/29,0,user826,Agent,Smith826,email826,0,0,2013/2/27/18/52/7
827,cRtwV3BgV8,2015/12/12/11/49/23,0,user827,Agent,Smith827,email827,0,0,2015/9/16/13/42/26
828,kWxxgnrTKs,2013/5/8/12/16/27,0,user828,Agent,Smith828,email828,0,0,2014/10/16/20/22/0
829,LgxaVDxubp,2015/4/29/20/53/14,0,user829,Agent,Smith829,email829,0,0,2013/7/15/15/55/35
830,bLUBpQnwaz,2013/7/15/19/3/15,0,user830,Agent,Smith830,email830,0,0,2013/1/21/18/18/55
831,qTq9KBxabp,2013/2/23/14/30/44,0,user831,Agent,Smith831,email831,0,0,2015/8/23/11/9/3
832,nyMMrthuxS,2015/5/3/2/58/24,0,user832,Agent,Smith832,email832,0,0,2014/5/3/11/27/39
833,YpHEbATz7M,2015/11/8/18/3/15,0,user833,Agent,Smith833,email833,0,0,2013/6/8/21/18/58
834,T966ESVa87,2014/11/7/21/24/27,0,user834,Agent,Smith834,email834,0,0,2013/2/16/20/55/37
835,7vNSkgtsRQ,2015/5/2/14/15/39,0,user835,Agent,Smith835,email835,0,0,2015/5/18/4/49/45
836,BV8xHL2WuZ,2014/1/26/17/17/43,0,user836,Agent,Smith836,email836,0,0,2014/10/7/16/39/38
837,YSNcYuZ29F,2015/7/14/13/38/8,0,user837,Agent,Smith837,email837,0,0,2014/3/26/10/35/2
838,vPu26TZYGx,2013/9/6/13/1/57,0,user838,Agent,Smith838,email838,0,0,2013/7/26/23/31/48
839,BCtH2cGEQx,2013/11/5/20/10/59,0,user839,Agent,Smith839,email839,0,0,2013/5/22/22/40/44
840,UXt3WPDd7Q,2015/8/12/11/29/26,0,user840,Agent,Smith840,email840,0,0,2013/8/27/14/32/29
841,66xDLNJKya,2014/11/28/15/54/40,0,user841,Agent,Smith841,email841,0,0,2015/4/8/19/2/57
842,fLeNDtaSRk,2015/4/27/16/39/26,0,user842,Agent,Smith842,email842,0,0,2015/8/12/18/32/53
843,fwuc8nCnx9,2014/5/27/15/45/21,0,user843,Agent,Smith843,email843,0,0,2014/12/21/1/23/34
844,LJ4FdkPZYM,2014/4/1/18/37/13,0,user844,Agent,Smith844,email844,0,0,2014/8/12/10/10/15
845,Cbz7dvEPKF,2013/5/8/2/0/41,0,user845,Agent,Smith845,email845,0,0,2013/2/28/6/20/48
846,VdCSTHAyab,2015/4/20/22/58/7,0,user846,Agent,Smith846,email846,0,0,2015/12/13/5/55/37
847,XScZ7BPgKF,2013/4/26/13/20/13,0,user847,Agent,Smith847,email847,0,0,2015/7/28/18/56/8
848,jsxRmmPSvC,2014/1/17/19/1/36,0,user848,Agent,Smith848,email848,0,0,2013/7/13/1/48/56
849,YgEKC4WH4V,2015/7/29/6/58/52,0,user849,Agent,Smith849,email849,0,0,2014/4/7/20/59/54
850,aGLJUusStb,2014/4/6/1/27/48,0,user850,Agent,Smith850,email850,0,0,2013/4/18/1/50/52
851,zjkqFZGPaB,2015/11/6/6/29/25,0,user851,Agent,Smith851,email851,0,0,2014/7/22/22/40/49
852,Pbqsemh354,2015/7/28/2/56/41,0,user852,Agent,Smith852,email852,0,0,2013/2/1/22/8/26
853,2whbLmnNh7,2014/9/9/19/31/53,0,user853,Agent,Smith853,email853,0,0,2015/11/13/4/18/46
854,7QYqzb8Vyv,2015/11/25/21/23/39,0,user854,Agent,Smith854,email854,0,0,2015/4/30/21/46/53
855,G9r2wFTTN7,2014/2/25/0/3/17,0,user855,Agent,Smith855,email855,0,0,2013/4/10/14/3/14
856,qRARS6xTnq,2013/7/21/13/13/27,0,user856,Agent,Smith856,email856,0,0,2015/12/11/19/59/17
857,tBb7397DbD,2015/3/13/22/50/19,0,user857,Agent,Smith857,email857,0,0,2015/8/15/14/8/49
858,5BgZvNzpbu,2013/2/23/2/54/28,0,user858,Agent,Smith858,email858,0,0,2015/5/16/17/52/23
859,8Qqp545QyE,2014/5/19/21/55/38,0,user859,Agent,Smith859,email859,0,0,2013/1/20/11/18/57
860,MxfZe6VY7V,2013/5/2/10/47/26,0,user860,Agent,Smith860,email860,0,0,2014/4/4/12/38/21
861,pBCxtVAtBs,2014/12/18/11/22/0,0,user861,Agent,Smith861,email861,0,0,2015/6/17/18/57/24
862,BJFHUtUvtt,2015/12/5/18/39/43,0,user862,Agent,Smith862,email862,0,0,2015/8/13/14/12/24
863,nnBRzt8Nm7,2015/2/16/14/45/47,0,user863,Agent,Smith863,email863,0,0,2015/8/21/0/36/7
864,Wp7N9ha2RJ,2013/8/17/15/21/54,0,user864,Agent,Smith864,email864,0,0,2013/5/29/11/12/49
865,EN5Sfcb7UZ,2013/11/10/4/27/12,0,user865,Agent,Smith865,email865,0,0,2013/5/5/15/18/25
866,gx3pPAezDn,2015/3/23/17/30/37,0,user866,Agent,Smith866,email866,0,0,2015/3/20/3/54/0
867,wyrWXz7cxR,2013/6/23/1/35/22,0,user867,Agent,Smith867,email867,0,0,2014/8/22/7/34/23
868,g2CtgemnMJ,2014/2/30/20/16/2,0,user868,Agent,Smith868,email868,0,0,2013/5/7/0/18/16
869,jnpnZ8Bvqz,2015/10/6/23/39/39,0,user869,Agent,Smith869,email869,0,0,2013/6/26/4/39/3
870,YqkEdv9uAm,2014/11/2/23/12/0,0,user870,Agent,Smith870,email870,0,0,2015/2/12/6/46/13
871,uPM9LyNsX5,2014/3/26/4/31/2,0,user871,Agent,Smith871,email871,0,0,2013/5/17/15/56/21
872,CGYpR92jAs,2013/3/7/17/56/55,0,user872,Agent,Smith872,email872,0,0,2013/12/29/14/38/53
873,XJLjUBDvHw,2014/3/28/19/30/34,0,user873,Agent,Smith873,email873,0,0,2015/6/7/6/48/4
874,NqJ9necT83,2013/9/17/0/36/6,0,user874,Agent,Smith874,email874,0,0,2013/1/3/14/44/15
875,d3qds5p4dx,2014/6/18/7/55/44,0,user875,Agent,Smith875,email875,0,0,2015/9/17/23/8/12
876,2usTsmgheS,2014/12/11/15/35/38,0,user876,Agent,Smith876,email876,0,0,2015/5/7/3/3/14
877,nhuLBpbqNK,2013/2/24/22/40/20,0,user877,Agent,Smith877,email877,0,0,2014/11/7/10/32/13
878,zgcg3tvpZE,2015/2/14/10/36/48,0,user878,Agent,Smith878,email878,0,0,2015/8/3/0/27/28
879,NH4q8gQmQx,2014/8/14/23/17/45,0,user879,Agent,Smith879,email879,0,0,2013/6/22/1/30/38
880,m35PEK6vHM,2013/9/30/20/57/56,0,user880,Agent,Smith880,email880,0,0,2014/2/9/17/54/52
881,VGZ6R5tK8W,2013/12/16/12/14/12,0,user881,Agent,Smith881,email881,0,0,2013/6/14/6/9/12
882,JR2EnFyhFv,2013/6/26/3/7/15,0,user882,Agent,Smith882,email882,0,0,2014/8/3/2/32/28
883,rxwypxAUsT,2014/9/13/4/54/20,0,user883,Agent,Smith883,email883,0,0,2015/10/2/21/55/29
884,nUBFN9tAfy,2014/5/4/5/4/39,0,user884,Agent,Smith884,email884,0,0,2015/4/19/2/3/15
885,NJSNvsWDG5,2015/12/4/23/43/0,0,user885,Agent,Smith885,email885,0,0,2014/1/15/18/47/34
886,xBbELbgLUg,2013/8/10/1/33/32,0,user886,Agent,Smith886,email886,0,0,2015/5/24/17/27/35
887,CujFXmspvL,2013/6/25/15/19/40,0,user887,Agent,Smith887,email887,0,0,2015/2/25/6/8/47
888,Ug3qZRcAQU,2013/4/27/23/27/22,0,user888,Agent,Smith888,email888,0,0,2015/11/22/4/22/13
889,MjphKeseqZ,2014/12/4/1/6/47,0,user889,Agent,Smith889,email889,0,0,2013/2/17/3/23/35
890,erQbzfWgBr,2013/11/1/10/19/20,0,user890,Agent,Smith890,email890,0,0,2014/2/12/21/6/14
891,zSyMvcCt2B,2014/5/24/20/8/22,0,user891,Agent,Smith891,email891,0,0,2014/11/24/0/18/23
892,32tMMjET4J,2014/3/11/8/46/25,0,user892,Agent,Smith892,email892,0,0,2015/11/7/2/1/18
893,Pxb22tJsbz,2014/10/11/6/12/27,0,user893,Agent,Smith893,email893,0,0,2014/12/19/20/10/43
894,cJD87ULHmb,2013/1/15/11/27/18,0,user894,Agent,Smith894,email894,0,0,2014/6/26/8/46/42
895,tTJMmmDpq5,2015/12/22/13/36/0,0,user895,Agent,Smith895,email895,0,0,2013/8/22/7/3/53
896,EKK6GuD46V,2015/11/14/19/58/4,0,user896,Agent,Smith896,email896,0,0,2015/4/26/10/0/44
897,pnwJASw6E4,2014/1/8/14/43/38,0,user897,Agent,Smith897,email897,0,0,2013/11/27/6/23/24
898,NJwPKPNAmf,2015/12/15/1/24/31,0,user898,Agent,Smith898,email898,0,0,2015/1/19/22/10/7
899,5sFDukArqq,2015/9/21/14/36/43,0,user899,Agent,Smith899,email899,0,0,2014/12/8/10/58/7
900,g2GdSKLNrW,2015/5/9/13/41/18,0,user900,Agent,Smith900,email900,0,0,2015/12/19/7/28/42
901,uhZNbKLpnv,2014/8/4/0/19/35,0,user901,Agent,Smith901,email901,0,0,2013/12/5/21/21/33
902,u3FEh3hX6e,2015/9/17/1/19/59,0,user902,Agent,Smith902,email902,0,0,2014/1/30/17/48/39
903,jh3yN5nE95,2013/2/24/20/55/58,0,user903,Agent,Smith903,email903,0,0,2015/5/25/2/9/48
904,vEGMnFuE9P,2015/11/6/18/18/32,0,user904,Agent,Smith904,email904,0,0,2013/7/8/12/41/28
905,Rh9rhTSV8G,2013/3/16/9/52/8,0,user905,Agent,Smith905,email905,0,0,2015/9/28/4/25/22
906,4WGFddY4cg,2014/10/3/18/8/34,0,user906,Agent,Smith906,email906,0,0,2014/8/15/21/59/41
907,KCpKWEzCtR,2014/9/26/15/30/40,0,user907,Agent,Smith907,email907,0,0,2013/5/15/9/21/40
908,qVzgRv6T96,2014/5/16/12/46/46,0,user908,Agent,Smith908,email908,0,0,2015/9/25/20/26/28
909,cJe3nQN7Ek,2015/11/16/19/8/10,0,user909,Agent,Smith909,email909,0,0,2015/6/1/19/20/5
910,RxLvzy9SzL,2014/1/14/1/11/47,0,user910,Agent,Smith910,email910,0,0,2014/4/5/22/38/48
911,3XkeFEqhSS,2014/5/24/14/35/52,0,user911,Agent,Smith911,email911,0,0,2013/5/26/9/10/46
912,pSeRKpYLNv,2014/5/25/21/10/51,0,user912,Agent,Smith912,email912,0,0,2013/10/8/1/17/20
913,JCcTAWG9Lf,2013/4/12/5/34/58,0,user913,Agent,Smith913,email913,0,0,2013/11/13/14/6/32
914,6EUGJPQsDE,2014/7/9/14/32/42,0,user914,Agent,Smith914,email914,0,0,2014/12/13/16/0/48
915,gEzYEqXjKQ,2014/10/7/1/49/42,0,user915,Agent,Smith915,email915,0,0,2013/2/29/23/39/33
916,JGv6N9EWCu,2013/3/22/22/41/34,0,user916,Agent,Smith916,email916,0,0,2013/12/17/12/31/30
917,eJuVpCcdp7,2013/5/15/6/48/59,0,user917,Agent,Smith917,email917,0,0,2014/8/24/21/2/39
918,ZYUQ39YYQ3,2014/5/14/14/2/52,0,user918,Agent,Smith918,email918,0,0,2013/6/12/1/13/41
919,YKwtCE3ZET,2014/8/17/0/17/20,0,user919,Agent,Smith919,email919,0,0,2013/12/8/7/45/23
920,dHCBegsaCK,2015/9/15/1/49/44,0,user920,Agent,Smith920,email920,0,0,2015/10/1/19/7/53
921,SrZVbswcba,2015/12/13/14/51/10,0,user921,Agent,Smith921,email921,0,0,2014/6/9/6/40/13
922,ERf6rshupW,2013/9/7/23/8/6,0,user922,Agent,Smith922,email922,0,0,2013/5/2/9/33/10
923,LztKM5xGe7,2014/5/28/4/11/47,0,user923,Agent,Smith923,email923,0,0,2014/1/17/19/34/19
924,5u5UFaMeWw,2015/4/1/20/29/26,0,user924,Agent,Smith924,email924,0,0,2015/3/3/8/47/39
925,KbxYBpCedJ,2015/3/19/8/21/26,0,user925,Agent,Smith925,email925,0,0,2014/4/22/10/58/53
926,vS6fbhnBbq,2014/10/12/4/32/26,0,user926,Agent,Smith926,email926,0,0,2013/3/23/20/45/48
927,UxzmmZpahU,2014/3/30/0/31/58,0,user927,Agent,Smith927,email927,0,0,2014/7/20/11/7/57
928,HYFhZX4fS3,2015/2/28/10/47/52,0,user928,Agent,Smith928,email928,0,0,2015/11/4/4/43/32
929,y8abjxDzCA,2014/6/15/12/42/57,0,user929,Agent,Smith929,email929,0,0,2015/6/24/11/38/35
930,6bFWEpfpM8,2013/1/17/14/35/5,0,user930,Agent,Smith930,email930,0,0,2015/8/17/9/39/58
931,7HYEtAYk25,2015/3/4/11/16/15,0,user931,Agent,Smith931,email931,0,0,2014/1/20/14/2/12
932,cx7sfkhEBg,2013/5/9/10/53/2,0,user932,Agent,Smith932,email932,0,0,2015/11/2/10/5/16
933,6KnbXUUHjH,2013/9/20/3/22/58,0,user933,Agent,Smith933,email933,0,0,2013/1/20/11/51/27
934,B3UafhUp59,2015/4/7/14/34/41,0,user934,Agent,Smith934,email934,0,0,2013/12/22/21/44/20
935,w4ghS3x8VE,2015/8/3/21/6/36,0,user935,Agent,Smith935,email935,0,0,2013/9/22/6/58/18
936,nJnYSLggRx,2013/2/11/3/23/22,0,user936,Agent,Smith936,email936,0,0,2014/9/16/18/14/19
937,R7yf88Gsym,2013/1/23/17/21/9,0,user937,Agent,Smith937,email937,0,0,2015/5/7/0/0/51
938,vJuPKBB2mS,2013/7/20/2/28/40,0,user938,Agent,Smith938,email938,0,0,2013/2/12/22/10/12
939,hmG7QWXqHr,2014/2/24/15/20/35,0,user939,Agent,Smith939,email939,0,0,2015/4/14/14/56/28
940,ZNp5ntERAB,2014/1/5/11/17/10,0,user940,Agent,Smith940,email940,0,0,2013/4/5/21/36/18
941,yx7y7XdzP5,2013/12/23/8/54/1,0,user941,Agent,Smith941,email941,0,0,2015/12/9/18/2/51
942,rxxwGpZBAH,2015/10/19/16/47/38,0,user942,Agent,Smith942,email942,0,0,2013/4/18/6/43/18
943,AD3jej8Rk6,2014/10/24/19/51/4,0,user943,Agent,Smith943,email943,0,0,2013/8/9/10/2/44
944,agr3QmHcdr,2015/9/14/1/18/29,0,user944,Agent,Smith944,email944,0,0,2015/9/25/11/19/47
945,s5qewAqCeR,2015/2/30/0/54/22,0,user945,Agent,Smith945,email945,0,0,2015/7/19/15/43/12
946,nGEAd4DCrg,2013/5/30/23/5/16,0,user946,Agent,Smith946,email946,0,0,2013/6/11/6/50/46
947,T2a2sHXC9s,2015/10/3/5/58/17,0,user947,Agent,Smith947,email947,0,0,2014/11/5/14/50/25
948,MrfQj92TUB,2014/4/3/2/38/11,0,user948,Agent,Smith948,email948,0,0,2013/8/25/18/8/9
949,84YWrVMmp2,2014/3/15/7/18/47,0,user949,Agent,Smith949,email949,0,0,2013/12/28/7/2/48
950,cyaSR33hjz,2015/7/29/6/5/8,0,user950,Agent,Smith950,email950,0,0,2014/7/14/5/34/15
951,Q8Y2W4tegL,2013/11/29/19/32/9,0,user951,Agent,Smith951,email951,0,0,2015/5/11/20/39/46
952,ayZfaeZMme,2013/7/19/10/3/48,0,user952,Agent,Smith952,email952,0,0,2015/4/8/1/1/43
953,Um9GdxFVup,2014/11/14/18/38/45,0,user953,Agent,Smith953,email953,0,0,2013/9/17/11/18/3
954,u3HVvUerf5,2015/11/7/2/22/6,0,user954,Agent,Smith954,email954,0,0,2015/9/18/23/33/3
955,ftJTkPds48,2015/12/15/22/21/25,0,user955,Agent,Smith955,email955,0,0,2013/2/19/12/7/29
956,jAH4s6gwyf,2015/2/25/11/45/30,0,user956,Agent,Smith956,email956,0,0,2015/10/8/2/41/13
957,5nWFVhjuDa,2014/12/12/11/33/6,0,user957,Agent,Smith957,email957,0,0,2014/7/22/2/9/19
958,TEBCzapHC2,2015/1/13/21/52/1,0,user958,Agent,Smith958,email958,0,0,2014/2/4/7/2/44
959,FDykyKffPK,2015/11/24/15/52/35,0,user959,Agent,Smith959,email959,0,0,2014/12/6/14/47/4
960,sZwfXFZUzV,2013/7/24/21/52/54,0,user960,Agent,Smith960,email960,0,0,2014/9/22/11/14/5
961,vLzzJQ7jnP,2015/12/17/22/40/20,0,user961,Agent,Smith961,email961,0,0,2013/5/17/22/30/37
962,XZ558KfSg6,2014/2/25/18/30/22,0,user962,Agent,Smith962,email962,0,0,2013/1/26/19/30/58
963,S58ZyyWPJU,2013/1/7/21/51/36,0,user963,Agent,Smith963,email963,0,0,2014/6/9/13/15/19
964,8JbYsq4CxM,2015/7/14/0/12/43,0,user964,Agent,Smith964,email964,0,0,2015/3/6/8/5/8
965,3A5z8kgRkJ,2013/4/6/2/49/12,0,user965,Agent,Smith965,email965,0,0,2015/7/4/8/53/57
966,n3kefessuT,2013/1/10/3/9/7,0,user966,Agent,Smith966,email966,0,0,2013/3/8/3/58/43
967,UcfFFHLhdw,2013/3/7/20/29/48,0,user967,Agent,Smith967,email967,0,0,2014/12/17/12/10/30
968,pvUVFHDNUx,2014/12/26/7/8/29,0,user968,Agent,Smith968,email968,0,0,2015/6/4/9/14/3
969,jUgTMHUevS,2014/5/3/11/58/16,0,user969,Agent,Smith969,email969,0,0,2014/11/12/0/32/58
970,hrGvwKp62b,2015/8/27/16/23/2,0,user970,Agent,Smith970,email970,0,0,2013/1/15/3/23/59
971,ggCfheuePr,2014/2/5/16/36/53,0,user971,Agent,Smith971,email971,0,0,2013/9/5/9/3/0
972,BCy62fuBww,2014/2/4/14/16/50,0,user972,Agent,Smith972,email972,0,0,2015/11/26/22/59/33
973,mgddQNzXax,2015/3/18/13/37/47,0,user973,Agent,Smith973,email973,0,0,2015/4/9/7/42/41
974,hZadYKP5e4,2015/10/18/6/28/11,0,user974,Agent,Smith974,email974,0,0,2013/1/18/22/40/58
975,gdAphNEhPA,2013/12/7/0/46/20,0,user975,Agent,Smith975,email975,0,0,2015/3/10/9/55/53
976,ekKFpPcXVk,2015/6/12/2/34/50,0,user976,Agent,Smith976,email976,0,0,2013/1/30/0/46/47
977,7xs3fVmJ3y,2013/7/8/6/13/44,0,user977,Agent,Smith977,email977,0,0,2013/3/24/22/17/18
978,DVBMbvjpJf,2013/1/27/16/14/40,0,user978,Agent,Smith978,email978,0,0,2014/11/27/11/0/28
979,kjGTGg2aka,2015/8/3/6/38/8,0,user979,Agent,Smith979,email979,0,0,2014/2/14/4/22/48
980,kSUwVjQcn2,2013/2/15/23/48/46,0,user980,Agent,Smith980,email980,0,0,2014/11/30/11/41/49
981,RWbXH97HH3,2013/10/8/13/37/49,0,user981,Agent,Smith981,email981,0,0,2015/3/13/3/43/48
982,eg6FAYeUQa,2015/10/18/6/0/48,0,user982,Agent,Smith982,email982,0,0,2013/8/1/19/25/17
983,nVTwwhTzuL,2015/9/6/3/13/31,0,user983,Agent,Smith983,email983,0,0,2015/6/3/2/39/59
984,eQ7MKCmkCD,2013/5/9/7/37/2,0,user984,Agent,Smith984,email984,0,0,2015/5/16/20/47/43
985,rYYZ4W8eq4,2013/8/11/23/31/30,0,user985,Agent,Smith985,email985,0,0,2015/1/26/12/46/35
986,64WwMbuXX9,2013/1/7/13/42/57,0,user986,Agent,Smith986,email986,0,0,2013/5/4/5/3/48
987,ZmCaKYzdrG,2015/5/29/20/27/41,0,user987,Agent,Smith987,email987,0,0,2013/9/15/9/49/48
988,Hf8SH4Tp3h,2013/3/10/9/17/2,0,user988,Agent,Smith988,email988,0,0,2014/2/5/4/59/30
989,HUhZGnSQ7Q,2013/1/27/22/29/41,0,user989,Agent,Smith989,email989,0,0,2014/3/3/4/31/59
990,qMN9Tg7aau,2015/5/1/12/6/12,0,user990,Agent,Smith990,email990,0,0,2015/6/10/1/39/56
991,rdksz2RvEZ,2014/11/12/19/46/52,0,user991,Agent,Smith991,email991,0,0,2015/1/8/6/42/3
992,8gJfxaWrvU,2013/4/28/18/16/52,0,user992,Agent,Smith992,email992,0,0,2014/3/16/14/32/43
993,xJfP4NTykh,2015/10/17/9/27/28,0,user993,Agent,Smith993,email993,0,0,2013/3/13/1/32/25
994,pWzn7LWZDJ,2015/3/24/7/4/9,0,user994,Agent,Smith994,email994,0,0,2014/4/11/3/45/7
995,SsF6Snmfwm,2013/1/11/3/9/39,0,user995,Agent,Smith995,email995,0,0,2014/4/25/7/26/16
996,h6UtjwgZrz,2013/11/5/3/12/47,0,user996,Agent,Smith996,email996,0,0,2015/1/27/14/13/40
997,CxrUxbWt6L,2015/4/4/12/1/47,0,user997,Agent,Smith997,email997,0,0,2015/11/17/7/14/18
998,JJPgm49dgq,2014/11/4/9/57/5,0,user998,Agent,Smith998,email998,0,0,2015/10/10/0/16/42
999,QqbXnLcLUt,2015/3/25/13/28/48,0,user999,Agent,Smith999,email999,0,0,2014/10/24/0/10/25
1000,QGmpD4MmcX,2014/1/21/22/36/52,0,user1000,Agent,Smith1000,email1000,0,0,2014/4/13/3/1/26
1001,fBjWwNpACK,2013/1/5/21/59/49,0,user1001,Agent,Smith1001,email1001,0,0,2013/2/4/8/33/35
1002,qYYh8QHCYg,2013/3/15/8/12/13,0,user1002,Agent,Smith1002,email1002,0,0,2015/10/15/20/2/19
1003,ZDF46K8CjD,2015/6/2/10/33/14,0,user1003,Agent,Smith1003,email1003,0,0,2014/2/29/1/17/53
1004,Ub7t8hNHUE,2015/6/7/18/7/50,0,user1004,Agent,Smith1004,email1004,0,0,2015/12/25/12/57/13
1005,rdTStXw95K,2015/3/27/18/19/15,0,user1005,Agent,Smith1005,email1005,0,0,2013/12/2/18/36/44
1006,K32gtDDpyd,2014/2/7/7/43/5,0,user1006,Agent,Smith1006,email1006,0,0,2014/3/20/22/53/44
1007,GMN4JGAJEw,2014/7/27/9/15/25,0,user1007,Agent,Smith1007,email1007,0,0,2015/8/19/0/16/48
1008,EK7N7TR44u,2013/8/15/23/58/6,0,user1008,Agent,Smith1008,email1008,0,0,2013/1/8/23/20/49
1009,cUAwRpHBeN,2013/1/4/15/45/52,0,user1009,Agent,Smith1009,email1009,0,0,2015/1/3/6/35/21
1010,Up9aaeEtnF,2013/2/17/9/45/14,0,user1010,Agent,Smith1010,email1010,0,0,2014/10/17/17/48/35
1011,xUUQsMdBSu,2015/12/27/12/38/49,0,user1011,Agent,Smith1011,email1011,0,0,2013/5/11/1/6/56
1012,aFVYpmFg5A,2013/11/22/5/21/29,0,user1012,Agent,Smith1012,email1012,0,0,2013/6/6/11/44/44
1013,mCJcrUbFQz,2013/11/28/13/9/42,0,user1013,Agent,Smith1013,email1013,0,0,2015/5/1/13/38/6
1014,bmnVUn8bUP,2014/2/21/5/4/25,0,user1014,Agent,Smith1014,email1014,0,0,2014/6/14/1/41/37
1015,Uf3FvzsnBU,2015/4/12/8/26/48,0,user1015,Agent,Smith1015,email1015,0,0,2015/12/18/6/16/25
1016,wNCnJabCsU,2013/12/14/0/50/33,0,user1016,Agent,Smith1016,email1016,0,0,2013/1/18/14/13/49
1017,59zGrDjKjQ,2013/12/25/23/40/13,0,user1017,Agent,Smith1017,email1017,0,0,2014/7/22/14/42/37
1018,fTRkTfVgPF,2013/2/3/10/37/44,0,user1018,Agent,Smith1018,email1018,0,0,2015/6/18/5/49/59
1019,unubdz2GTX,2014/11/20/22/49/27,0,user1019,Agent,Smith1019,email1019,0,0,2013/3/28/7/24/16
1020,5dxwfDDnML,2014/12/21/13/27/13,0,user1020,Agent,Smith1020,email1020,0,0,2013/11/30/7/7/28
1021,BVt7ZUbEHJ,2014/4/17/0/1/17,0,user1021,Agent,Smith1021,email1021,0,0,2013/4/13/11/6/56
1022,RsVkuR3w3n,2015/9/13/21/50/12,0,user1022,Agent,Smith1022,email1022,0,0,2014/5/9/1/18/14
1023,ZCCmuJNKxh,2015/9/15/10/39/7,0,user1023,Agent,Smith1023,email1023,0,0,2013/5/6/11/41/57
1024,sTTgwGXREY,2015/2/12/20/29/9,0,user1024,Agent,Smith1024,email1024,0,0,2014/1/30/0/38/23
1025,PBaZ4HNAzc,2013/5/8/14/41/9,0,user1025,Agent,Smith1025,email1025,0,0,2013/7/29/12/58/56
1026,FDfHWfTeXe,2014/2/30/17/4/43,0,user1026,Agent,Smith1026,email1026,0,0,2014/9/30/1/59/47
1027,LsXQHBKCKj,2013/5/6/17/59/6,0,user1027,Agent,Smith1027,email1027,0,0,2014/7/6/0/32/38
1028,5BR647XxGS,2013/10/14/4/40/9,0,user1028,Agent,Smith1028,email1028,0,0,2015/11/8/16/1/35
1029,PPfFKhwn8F,2013/6/17/6/7/45,0,user1029,Agent,Smith1029,email1029,0,0,2013/5/25/2/43/6
1030,ZVULRkEPq8,2014/3/5/1/54/56,0,user1030,Agent,Smith1030,email1030,0,0,2014/5/12/15/37/18
1031,7jPWDdEr2P,2013/3/9/13/30/49,0,user1031,Agent,Smith1031,email1031,0,0,2015/4/22/17/42/37
1032,xAhxFbC7Md,2015/12/20/4/57/43,0,user1032,Agent,Smith1032,email1032,0,0,2015/1/14/12/4/52
1033,FZ6aGuuN5a,2013/3/12/20/13/46,0,user1033,Agent,Smith1033,email1033,0,0,2013/10/14/10/6/45
1034,c9EDQaVWQb,2014/5/1/23/46/13,0,user1034,Agent,Smith1034,email1034,0,0,2013/6/20/13/33/24
1035,WhfPrF7x2h,2015/11/23/13/10/28,0,user1035,Agent,Smith1035,email1035,0,0,2013/5/21/12/13/17
1036,5JFsxGHnhd,2014/12/11/12/51/55,0,user1036,Agent,Smith1036,email1036,0,0,2013/7/4/5/56/54
1037,rwdS9T8bnG,2015/4/16/17/33/59,0,user1037,Agent,Smith1037,email1037,0,0,2014/5/4/9/43/0
1038,VhkesDMyFm,2015/1/26/14/32/43,0,user1038,Agent,Smith1038,email1038,0,0,2015/6/12/4/46/11
1039,PcKWtGj2CV,2013/12/22/14/40/54,0,user1039,Agent,Smith1039,email1039,0,0,2014/3/20/3/55/37
1040,DTuH5w7TCK,2014/3/13/14/9/20,0,user1040,Agent,Smith1040,email1040,0,0,2015/3/24/21/23/26
1041,X2RYQwqjMA,2015/7/23/21/17/53,0,user1041,Agent,Smith1041,email1041,0,0,2013/4/1/17/16/56
1042,uaXFgUqxtJ,2013/2/28/13/57/41,0,user1042,Agent,Smith1042,email1042,0,0,2013/7/23/5/6/56
1043,8dWpHjXnWk,2015/10/9/23/39/30,0,user1043,Agent,Smith1043,email1043,0,0,2014/2/20/5/51/54
1044,9ZRG8NRFbb,2014/4/9/18/3/2,0,user1044,Agent,Smith1044,email1044,0,0,2014/3/14/13/51/43
1045,F8h7B5gsFa,2014/1/23/22/0/46,0,user1045,Agent,Smith1045,email1045,0,0,2013/11/21/3/29/37
1046,5vpkYragVB,2013/8/11/2/47/34,0,user1046,Agent,Smith1046,email1046,0,0,2015/6/23/16/20/53
1047,JWn64f4EZW,2015/12/3/23/18/22,0,user1047,Agent,Smith1047,email1047,0,0,2015/4/16/3/45/57
1048,qD6FqYgjAu,2015/4/11/17/31/26,0,user1048,Agent,Smith1048,email1048,0,0,2013/1/25/3/55/7
1049,qyevzh3Ztn,2013/5/23/22/20/56,0,user1049,Agent,Smith1049,email1049,0,0,2013/2/9/9/48/40
1050,TceUm3rZAW,2015/11/20/16/47/29,0,user1050,Agent,Smith1050,email1050,0,0,2014/1/12/0/3/6
1051,PfgYM4xVfV,2014/1/4/1/44/51,0,user1051,Agent,Smith1051,email1051,0,0,2015/9/8/21/27/6
1052,pdXJx8CHHH,2013/12/21/23/50/22,0,user1052,Agent,Smith1052,email1052,0,0,2013/5/27/10/26/1
1053,yFgBQHjt9m,2013/10/20/11/33/7,0,user1053,Agent,Smith1053,email1053,0,0,2013/6/4/7/48/32
1054,6PygP9zAZ2,2014/10/9/13/59/25,0,user1054,Agent,Smith1054,email1054,0,0,2015/4/24/15/34/29
1055,A8hQrMG5ZA,2015/7/2/17/44/35,0,user1055,Agent,Smith1055,email1055,0,0,2013/11/25/18/3/10
1056,UTZphfKjYV,2014/10/8/4/41/38,0,user1056,Agent,Smith1056,email1056,0,0,2013/12/25/14/30/30
1057,GmSkW6MkMN,2014/1/21/14/46/46,0,user1057,Agent,Smith1057,email1057,0,0,2013/5/2/5/51/1
1058,puK7HPDvxM,2014/6/28/18/50/0,0,user1058,Agent,Smith1058,email1058,0,0,2013/11/8/20/58/35
1059,VAzybYCPrn,2015/8/21/19/27/53,0,user1059,Agent,Smith1059,email1059,0,0,2014/6/1/20/35/51
1060,Pkt4CpLq5J,2013/11/15/2/33/54,0,user1060,Agent,Smith1060,email1060,0,0,2014/4/18/23/47/18
1061,pq9MCD9HXt,2013/6/28/5/36/4,0,user1061,Agent,Smith1061,email1061,0,0,2013/9/9/14/45/47
1062,RbjR9Py8rh,2013/11/12/21/43/27,0,user1062,Agent,Smith1062,email1062,0,0,2014/1/24/20/54/10
1063,utppRpMB9j,2013/5/2/12/12/37,0,user1063,Agent,Smith1063,email1063,0,0,2014/1/28/11/24/10
1064,UyVK7KkT4j,2013/10/9/8/39/44,0,user1064,Agent,Smith1064,email1064,0,0,2013/4/10/1/38/44
1065,brMaE5UmwD,2014/1/4/15/25/13,0,user1065,Agent,Smith1065,email1065,0,0,2015/3/4/3/12/36
1066,EA7ntSYhYy,2015/8/26/4/34/13,0,user1066,Agent,Smith1066,email1066,0,0,2013/1/10/11/59/11
